5	ɹˈiz
@	at˦
aabits	ɑˑb̥its
aada	ɑːd̥ɑ
aadam	ɑːd̥ɑm
aadel	ˈɑːtˈɛl
aadress	ɑːd̥resʲː
aafrika	ɑˑfrikˑɑ
aaker	ɑːkːer
aam	ɑːm
aamissepp	ɑˑmissepː
aare	ɑːɣe
aare	ɑˑre̞
aaron	ɑːron
aas	ɑːs
aasia	ɑːsʲiɑ̯
aasta	ɑːstɑ
aastaaeg	ɑːstɑɑe̯g̊
aastaid	ɑːstɑːj
aastal	ɑːstɑl
aastapäev	ɑːstɑpæe̯v
aastasada	ɑːstɑsɑd̥ɑ
aastat	ɑːstɑtˑ
aatelik	ɑːtːelʲikˑ
abielulahutus	ɑb̥ielulɑɦutˑus
ablas	ɑb̥lɑs
absoluutne	ɑb̥soluːtne̞
ada	ɑdɑ
adekvaatne	ɑd̥ekvɑːtne̞
adjektiiv	ɑd̥ʲjektʲiːv
adru	ɑd̥ru
adverb	ɑd̥verb̥
adverbiline	ɑd̥verb̥ilʲine̞
advokaat	ɑd̥vokɑːtˑ
advokaat	ɑd̥vokˑɑːtˑ
aeg	ɑe̯g̊
aeglane	ɑe̯g̊lɑne̞
aeglaselt	ɑe̯g̊lɑseltˑ
aeglasemalt	ɑe̯g̊lɑsemɑltˑ
aer	ˈɑːɾ
aevastama	ɑe̯vɑstɑmɑ
agar	ɑg̊ɑr
ahas	ɑɦɑs
ahav	ɑɦɑv
aher	ɑɦer
ahhaat	ɑhːɑːtˑ
ahm	ɑhˑm̥
ahmima	ɑhmimɑ
ahne	ɑhne̞
ahu	ɑɦu
aiamaa	ɑi̯ɑmɑː
aiapiire	ɑi̯ɑpiˑre̞
aidata	ɑi̯d̥ɑtˑɑ
aigro	aiːkro
aimama	ajimɑmɑ
aimu	kui
aine	ɑi̯ne̞
ainus	ɑi̯nus
aisopos	ɑˌisopːos
ait	ɑi̯tˑ
aita	ɑi̯tˑɑ
aituma	ɑi̯tumɑ
aitäh	ɑi̯tæh
aitüma	ɑi̯tymɑ
aivar	oi̯vɑr
ajaja	ɑ̈jɑ̈jɑ̈
ajakiri	ɑ̈jɑ̈kiri
ajakirjandus	ɑ̈jɑ̈kirjɑ̈nd̥us
ajakirjanik	ɑ̈jɑ̈kirjɑ̈nʲikˑ
ajalooline	ajɑloːline
ajalugu	ɑ̈jɑ̈lug̊u
ajapiirang	ɑ̈jɑ̈piˑrɑŋg̊
ajukasvaja	ɑ̈jükɑsvɑ̈jɑ̈
akronüüm	ɑkronyːm
akt	ˈakt
aktiveerima	ɑkˑtʲiveːrimɑ
aktsiaturg	ɑkˑtsʲiɑ̯turg̊
akvaarium	ɑkvɑːriu̯m
alalõualuu	ɑlɑlɤu̯ɑluː
alalõug	ɑlɑlɤu̯g̊
alates	ɑlɑtˑes
albaania	ɑlb̥ɑːnʲiɑ̯
albert	ɑlb̥ertˑ
aldehüüd	ɑld̥ehyːd̥
aleksandra	ɑleksɑnd̥rɑ
algab	ɑlkɑb̥
algskandinaavia	ɑlg̊skɑnd̥ʲinɑːviɑ̯
alina	ɑlʲinɑ
alk	ɑlʲkˑ
alkeemik	alkeːmik
alkohol	ɑlkoɦol
alkoholikauplus	ɑlkoɦolʲikɑu̯plus
alkoholism	ɑlkoɦolʲisˑm̥
alkoholivaba	ɑlkoɦolʲivɑb̥ɑ
alkohoolne	ɑlkohoːlne̞
allahindlus	alːɑhiŋd̥lˌus
allergiline	ɑlːerg̊ilʲine̞
alligaator	ɑllig̊ɑːtˑor
aluspüksid	ɑluspyksitsʲ
aluspüksid	ɑlˈuspiksˈit
alustaja	pɑlustɑjɑ
alustama	ɑlustɑmɑ
alustama	ˌɑlustɑmɑ
alustas	ɑluːstɑs
alžiir	ɑlʒiːr
ambuma	ɑmb̥umɑ
ameerika	ɑmeˑrikˑɑ
ametlik	ɑmetlʲikˑ
ammu	ɑmm
ammuma	ɑmːumɑ
ammune	ɑmmunɛ
amulett	ɑmuletʲː
amööb	ɑmøːb̥
analüüs	ɑnɑlyːs
analüüsima	ɑnɑlyːsʲimɑ
anarhism	ɑnɑrhisˑm̥
and	ɑnʲd̥
anda	ɑnd̥ɑ
andis	ɑnʲd̥ʲis
andma	ɑnd̥mɑ
andmebaas	ɑnd̥meb̥ɑːs
andmebaas	ɑnd̥meb̥ɑːsʲ
andorra	ɑnd̥orˑɑ
andreas	ɑnd̥reɑ̯s
anete	ɒneqte
angela	ɑŋg̊elɑ
angelika	ɑng̊eːlʲikˑɑ
antarktis	ɑntɑrkˑtʲis
anti	inti
antisemitism	ɑntʲisemitʲˑisˑm̥
anton	anton
antonüüm	ɑntonyːm
antonüümne	ɑntonyːmne̞
antud	ɑntud̥
apelsinimahl	ɑpˑelsʲinʲimɑhˑl̥
aplus	ɑplus
apteek	ɑpˑteːkˑ
apteek	ɑːpˑteːkˑ
arbuus	ɑrb̥uːs
areng	ɑreŋg̊
argipäev	ˈɑrkipæiv
arheoloogia	ɑrheo̯loːg̊iɑ̯
armastus	ɑrmɑstus
armee	ɑrmeː
armee	ˈɑrmeː
armeenia	ɑrmeːnʲiɑ̯
arno	arno
artiklit	aːrtiklet
artišokk	ɑrtʲiʃokː
arukus	ɑrukˑus
aruküla	ɑrukˑylɑ
arusaamatus	ɑrusɑːmɑtˈtus
arutleja	ɑrutlejɑ̈
arvelaud	ɑrvelɑu̯d̥
arvesse	orˈvesˈse
arvukas	ɑrvukˑɑs
arvutiviirus	ɑrvutʲˑiviːrus
aserbaidžaan	ɑserb̥ɑi̯d̥ʒɑːn
asi	ɑsʲi
asjatundja	ɑsʲjɑ̈tunʲd̥ʲjɑ̈
astenosfäär	ɑstenosfæːr
asteroid	ɑsteroi̯d̥
astmevaheldus	ɑstmevɑɦeld̥us
ateena	ɑteˑnɑ
atmosfäär	ɑtmosfæːr
austria	ɑu̯striɑ̯
autism	ɑu̯tʲisˑm̥
auto	ɑu̯tˑo
autobuss	ɑu̯tˑob̥usʲː
autobussijaam	ɑu̯tˑob̥usˑijɑ̈ːm
automaatne	ɑu̯tˑomɑːtne̞
avalik	ɑvɑlʲikˑ
b	b̥
b	b̥eː
baar	b̥ɑːr
baklažaan	b̥ɑklɑʒɑːn
ballett	b̥ɑlːetʲː
barrikaad	b̥ɑrːikɑːd̥
barrikaad	b̥ɑrːikˑɑːd̥
belfast	b̥elfɑːst
belgia	b̥elʲg̊iɑ̯
belgrad	b̥elg̊rɑd̥
berdõšš	b̥erd̥ɤʃː
berliin	b̥erlʲiːn
biblioteek	b̥ib̥lʲio̯tˑeːkˑ
bioloogia	b̥io̯loːg̊iɑ̯
bosnia	b̥osnʲiɑ̯
boston	postoˈn
botaanika	b̥otɑːnʲikˑɑ
brüssel	b̥rysːel
budapest	b̥ud̥ɑpˑest
bukarest	b̥ukˑɑrest
bulgaaria	b̥ulg̊ɑːriɑ̯
buss	b̥usʲː
bussijaam	b̥usˑijɑ̈ːm
bürokraatia	b̥yrokrɑːtʲiɑ̯
c	kˑ
c	s
c	ts
c	tseː
cent	sent̪
cätlin	kætlin
d	d̥eː
davai	d̥ɑvɑi̯
davai	tɑvɑi̯
delegatsioon	d̥eleg̊ɑtsʲjoːn
delfiin	d̥elʲfiːn
demograafia	d̥emog̊rɑːfiɑ̯
demokraat	d̥emokrɑːtˑ
demokraatia	d̥emokrɑːtʲiɑ̯
demokraatlik	d̥emokrɑːtlʲikˑ
depressioon	d̥epresʲːio̯ːn
desovetiseerimine	d̥esovetʲˑiseːrimine̞
dialoog	d̥ʲiɑ̯loːg̊
digiraamat	d̥ʲig̊irɑˑmɑtˑ
diivan	d̥ʲiːvɑn
diplomaat	d̥ʲiplomɑːtˑ
diplomaatiline	d̥ʲiplomɑːtʲilʲine̞
diplomitöö	tˌiplomˈitˈøː
dorpat	tʊ̞rpbɑt
dušš	d̥uʃː
džemm	d̥ʒemː
džemper	d̥ʒemper
džihaad	d̥ʒihɑːd̥
džäss	d̥ʒæsː
e	eː
eales	eɒles
ebaõnn	eb̥ɑɤnʲː
edel	ˈeðeːl
eeden	eːd̥en
eemal	eːmæl
eemale	eˌmɑˌle
eerik	eˈrik
eesel	ˈeːsel
eesmärk	eːsmærkˑ
eesti	eˑstʲi
eestimaa	eˑstʲimɑː
eestimaalane	eˑstʲimɑːlɑne̞
eha	eɦɑ
ehitama	ˈehitˈtɑmɑˌ
ehitati	ehitɑtˈti
ehitus	eɦitˑus
ehk	ehk
ekliptika	ekliptˈɛkːɑ
ekraan	ekrɑːn
ekspert	ekspertˑ
ekstern	ekstɛrn
elamu	elɑmu
elan	hɪlˈɑn
elas	elas
elatakse	elɑtˈtɑksˌe
elekter	elektær
elekter	elekˑter
elektri	elekˑtri
elektrigeneraator	elekˑtrig̊enerɑːtːor
elektrijalgratas	elekˑtrijɑ̈lg̊rɑtˑɑs
elevandiluurannik	elevɑnʲd̥ʲiluːrɑnˑikˑ
elina	elʲinɑ
ellips	ɛllips
elsa	elsˌa
elu	elu
elulugu	elulug̊u
ema	lɪˌmɔː
emad	eˈmɑːt
emadele	emɑdele
emajõgi	emɑ̈jɤg̊i
emakas	emɑkˑɑs
emil	emil
enam	enɑm
enam	ənˈɑm
endale	end̥ɑle̞
endale	entˌɑˈle
endisaeg	enʲd̥ʲisɑe̯g̊
endisaegne	enʲd̥ʲisɑe̯g̊ne̞
energia	energ̊iɑ̯
enesepiiramine	enesepiːrɑmine̞
enn	en
ennast	enˑɑst
enne	enːe̞
enne	enˑe̞
entsüklopeedia	entsyklopeːd̥ʲiɑ̯
epideemia	epˑid̥eːmiɑ̯
erakond	erɑkˑond̥
eraldama	erɑld̥ɑmɑ
eramu	erɑmu
erasmus	eraːsmuz
erektsioon	erekˑtsʲjoːn
eritlus	eritlus
eriväed	erivæe̯d̥
eriüksus	eriyksus
eset	ɛːsˌeɪt
esimees	esʲimeːs
esimene	esʲimene̞
esitada	esitætɑ
esitama	esʲitˈtɑmɑ
esiteks	esʲitˑeks
esko	esko
esmaspäev	esmɑspæe̯v
esmaspäeval	esmɑspæːvɑl
essu	esso
ettepanek	etːepˑɑnekˑ
ettevaatlik	etːevɑːtlʲikˑ
ettevaatust	etːevɑːtˈtust
ettevõte	etːevɤtˑe̞
eufooria	eu̯foːriɑ̯
euro	eu̯ro
euroopa	eu̯roːpːɑ
eutanaasia	eu̯tˑɑnɑːsʲiɑ̯
evald	eːwˈɑlt
f	efː
feminiin	feminʲiːn
feminiinne	feminʲiːnːe̞
feminiinum	feminʲiːnum
festival	festʲivɑl
filosoofia	filosoːfiɑ̯
filosoofia	filossoːfiɑ̯
flora	flˈoːra
foobia	foːb̥iɑ̯
fotoka	fotˑokɑ
fotokas	fotˑokɑs
fotokat	fotˑokɑtˑ
fotorealistlik	fotˑoreɑ̯lʲistlʲikˑ
g	g̊eː
gaas	kɑːs
gangster	g̊æŋg̊ster
gangster	g̊ɑŋg̊ster
generaator	g̊enerɑːtːor
genotsiid	g̊enotsʲiːd̥
geograafia	g̊eo̯g̊rɑːfiɑ̯
geoloogia	g̊eo̯loːg̊iɑ̯
georgia	d̥ʒoːrd̥ʒiɑ̯
georgia	g̊eorg̊iɑ̯
giid	g̊iːd̥
gnoomon	g̊noːmon
grammatika	g̊rɑmmɑtʲˑikɑ
gruusia	g̊ruːsʲiɑ̯
h	hɑʃː
h	hɑː
haak	hɑːkˑ
haarama	hɑːrɑmɑ
habemeajaja	hɑb̥emeɑ̈jɑ̈jɑ̈
haigla	hɑi̯g̊lɑ
hakka	hɑkːɑ
hakkan	hɑːkːɑn
hakkas	hɑkːɑs
haldjas	hɑld̥ʲjɑ̈s
haldus	hɑld̥os
hall	hɑlʲː
hall	hɑlː
hambapasta	hɑmb̥ɑpɑstɑ
hamburger	hɑmb̥urg̊er
hammas	hɑmˑɑs
hanna	hɑnːɑ
hans	hˈɑnz
hansalinn	hɑnsɑlʲinː
harakas	hɑrɑkˑɑs
harilikult	hɑrilʲikˑultˑ
harvad	hɑrvɑn
haugas	hɑu̯g̊ɑs
hea	heɑ̯
heakskiidu	heɑkskiːto
heinavanker	hei̯nˌɑvɑnˌkˌɑˌr
hele	hele̞
heleda	heled̥ɑ
helen	helen
helisema	helʲisemɑ
helsingi	helsʲiŋg̊i
helsinki	helsiŋke
helve	el̪ve
hendrik	hend̥rikˑ
herman	permɑn
hernes	hernes
hertsegoviina	hertseg̊oviˑnɑ
hess	hesː
hetk	hˈˈɛtk
hiiglane	hiːg̊lɑne̞
hiljem	ziljem
hiljuti	hilʲjütʲˑi
hiljutine	hilʲjütʲˑine̞
hingama	hiŋg̊ɑmɑ
hinnang	hinˑɑŋg̊
hirm	hirm
hirs	kʲirɨs
hirv	hirv
hirv	hirvɯ
hispaania	hispɑːnʲiɑ̯
hitt	hitʲː
hitt	hitː
hobuseraua	hob̥userɑu̯ɑ
hobuseraud	hob̥userɑu̯d̥
hoiatama	hoiatːɑmɑ
homme	homˈmˈa
homme	homːe̞
hommik	homˈik
hommikuti	homːikˑutʲi
homoloogia	homoloːkia
hoog	hoːg̊
hoomama	hoːmɑmɑ
horvaatia	horvɑːtʲiɑ̯
hugo	huko
hulgas	hulgɑs
huligaan	hulʲig̊ɑːn
hundikutsikas	hunʲd̥ʲikutsʲikˑɑs
hurtsik	kurtsʲik
hussiit	hussʲiːtˑ
hypnos	hypnos
häbemekink	hæb̥emekiŋkˑ
hädasignaal	hæd̥ɑsʲig̊nɑːl
häiritud	hæjritud̥
hämu	hæmu
hästi	hæʃti
hävitama	hævitˑɑmɑ
hää	hæː
hääl	hæːl
hõim	hɤi̯m
hõljum	hɤlʲjüm
hõljumiteadus	hɤlʲjümiteɑ̯d̥us
hõre	hɤre̞
hütt	hytʲː
hüva	hivɑ
hüva	hyvɑ
hüüumärk	hyi̯u̯mærkˑ
iga	i˥˩kɔ˨
igapäevane	ig̊ɑpæe̯vɑne̞
igatahes	ig̊ɑtɑɦes
igaüks	ig̊ɑyks
ikka	ikːa
ikka	ikːɑ
ilm	ɾilɛn
ilma	ilma
ilu	ilu
ilus	iluʃ
imb	imˈb
ime	ime̞
imeja	imaːjˈa
imetama	imetˑɑmɑ
implosioon	implosʲio̯ːn
ingel	iŋg̊el
ingelinvestor	iŋg̊elʲinvestor
inglid	iŋklˈid
inhibiitor	inhib̥iːtːor
instituut	instʲittuːtˑ
instituut	instʲitˑuːtˑ
instrument	instrumˈent
intellekt	intelːekˑt
intelligents	intelʲːig̊ents
invasioon	invɑsʲio̯ːn
isa	i˥˩sɑ˥˥
isad	iːsaːt
isiklikest	esiklikest
island	islɑnd̥
istus	istuz
iva	ivɑ
jaam	jɑ̈ːm
jaanalind	jɑ̈ˑnɑlʲind̥
jaaniuss	jɑ̈ˑnʲiusʲː
jaekaubandus	jɑɛkɑub̥ɑnd̥us
jah	jɑ̈h
jahe	jɑ̈ɦe̞
jahtima	jɑ̈htʲimɑ
jalutasid	jɑluːtɑsid̥
jaoks	jɑ̈o̯ks
jidiš	jid̥ʲiʃ
johannes	joɦɑnːes
joom	joːm
jooma	joːmɑ
jooma	joˑmɑ
jootraha	joːtrɑɦɑ
ju	u
juba	jüb̥ɑ
jumal	nɔːmɔːl
jumalaga	jümɑlɑg̊ɑ
jumalateotuse	jomɑlɑteːotuse
just	just
jutt	jütː
juttu	jütːu
jutu	jütˑu
juua	juːa
juurima	jüːrimɑ
järelpuhastus	jærɑlpuhɑstus
järeltoime	jærɑltoime
järgi	jærkæ
järgmine	jærg̊mine̞
järgmise	jærɪ̞kmʲisɛ
järgmisel	jærkmisæl
järveoja	jærveːoːjɑ
jätkavad	jɑtkɑvɑt
jätma	jˈɛtmɑ
jää	jæː
jääaeg	jæːɑe̯g̊
jääkülm	jæːkylʲm
jäämägi	jæːmæg̊i
jääpurikas	jæːpurikˑɑs
jäätama	jæːtˑɑmɑ
jäätis	jæːtˑis
jäätisemasin	jæːtʲisemɑsʲin
jäätuma	jæːtˑumɑ
jõgeva	jɤg̊evɑ
jõgi	jɤg̊i
jõudma	jɤu̯d̥mɑ
jöru	jɛru
ka	kɑ
ka	kˈa
ka	qɑq
kaaren	kɑːren
kaas	kɑːs
kaassõna	kɑːssɤnɑ
kaastunne	kɑːstunˈme
kabeljoo	kɑb̥elʲjoː
kadakasakslane	kɑd̥ɑkˑɑsɑkslɑne̞
kadi	kuaɪ˥˥ti˥˩
kadu	kɑtu
kafkalik	kɑfkɑlʲikˑ
kah	kɑx
kahe	kˈohe
kahekesi	kɑɦekˑesʲi
kaheksa	kɑɦeksɑ
kaheksateistkümnene	kɑɦeksɑtei̯stkymnene̞
kaheksateistkümnes	kɑɦeksɑtei̯stkymnes
kahju	kɑhjü
kairi	kɑːr
kairo	kɑi̯ro
kaitseraud	kɑi̯tserɑu̯d̥
kaja	kɑ̈jɑ̈
kajama	kɑ̈jɑ̈mɑ
kaks	kaks
kaks	kɑks
kala	qɑlɑ
kalamaksaõli	kɑlɑmɑksɑɤliː
kalamari	kɑlɑmɑri
kalamees	kɑlɑmeːs
kalender	kɑlend̥er
kalevipoeg	kɑlevipoe̯g̊
kalju	kalju
kallas	kɑˈljɑs
kampsun	kɑmpsun
kana	kɑnɑ
kanamuna	kɑnɑmunɑ
kandela	kɑnd̥elɑ
kanep	kɑnepˑ
kangelane	kɑˌnkelɑnæ
kannatlikkus	konnɑtlikːus
kaotus	kɑo̯tˑus
kapuuts	kɑpuːts
karamellid	kɑrɑmeːlːit
karask	kɑrɑsk
karol	kɑroˌl
kartmatu	kɑrtmɑtɯ̞
karusmari	kɑrusmɑri
kas	kɑs
kas	kəs
kasin	kɑsʲin
kaskadöör	kɑskɑd̥øːr
kassikakk	kɑsˑikɑkː
kasukas	kɑsokæs
kasum	qɑːsum
kasutage	kɑsutɑg̊ɛ
kasv	kɔsˈv
kasvaja	kɑsvɑ̈jɑ̈
katel	kɑtˌeˌl
katma	qɑtmɑ
katsetama	kɑtsɛtɑmɑ
kaun	qɑun
kauni	kau̯ni
kaunimal	kɑonimɑl
keel	keːl
keelpill	keːlpilːe
kellel	kelel
kellele	kelele
kellesse?	kelesse
kes	kes
kes?	ke
keskpäev	keskpæe̯v
kihisema	kiɦisemɑ
kihk	kihk
kihutama	kiɦutˑɑmɑ
kiikuma	kiːkːumɑ
kiirabi	kiːrɑb̥i
kiirusepiirang	kiːrusepiːrɑŋg̊
kiiruspiirang	kiːruspiːrɑŋg̊
kild	kild
kilometraaž	kilometrɑːʒ̥
kilpnääre	kilpnæˑre̞
kimpu	kimpo
king	kiŋg̊
kinnine	kinʲːine̞
kinnistäht	kinʲːistæht
kinno	kinnah
kiribati	kirib̥ɑˑtʲi
kirik	kʲirɪ̞k
kirja	kirjaː
kirjandus	kirjɑ̈nd̥us
kirjanik	kirjaːnit
kirjeldama	kirjeld̥ɑmɑ
kirjuta	kirjutːɑ
kirjutama	kirjutˈtɑmɑ
kirjutama	kirjütˑɑmɑ
kirjutusmasin	kirjütˑusmɑsʲin
kirre	kireː
kirsipuu	kirsʲipˑuː
kirss	kirsː
kirsstomat	kirsːtomɑtˑ
kisa	kʰiː˧˥sɔː˧˥
kits	kˈits
kitsaks	kitsɑks
klaver	klɑver
klaveriliteratuur	klɑverilʲitˑerɑttuːr
kleepima	kleːpːimɑ
kleeps	kleːps
klubi	klubi
kobrutis	kob̥rutʲˑis
kodanik	kod̥ɑnʲikˑ
koer	koe̯r
kogu	ko˥˩ku˥˩
kohalikke	koɦɑlikːe
kohane	koɢɑːne
kohe	qohe
kohustuslik	koɦustuslʲikˑ
kohv	kohˑv̥
kohvik	kohvikˑ
kohvimasin	kohvimɑsʲin
kohvitass	kohvitɑsʲː
kohviuba	kohviub̥ɑ
koirohi	oirohi
kokakunst	kokˑɑkunʲst
kokandus	kokˑɑnd̥us
kole	kole̞
kolm	kolm
kolm	kolɛm
kolmas	kolmɑs
kolmekesi	kolmekkɛsi
kolmekesi	kolmekˑesʲi
kolmekuningapäev	kolmekunʲiŋg̊ɑpæe̯v
komme	komːe̞
komme	komˑe̞
kommenteerima	kommenteerimo
kommunism	komunism
kondiüdi	konʲd̥ʲiyd̥ʲi
koni	konʲi
konks	koŋs
konsul	konsul
kont	konʲtˑ
kontaktisik	kɔntɑktisik
kool	koːl
kool	kˈoːl
koole	koːlˈɑ
kooli	ko̞lʲi
koolis	kulis
koolja	koːlʲjɑ̈
koolmajärve	koːlmɑjærve̞
koolmajärve	kuːlmɑjærve̞
koolmeister	koːlmei̯ster
koorekastmes	koo̯re̞kɑstmes
koostis	koːstɪs
korda	kortɑ
korjama	korjɑ̈mɑ
koroonaviirus	koroˑnɑviːrus
korpus	korpus
korruselamu	korːuselɑmu
korrusmaja	korːusmɑ̈jɑ̈
košmaar	koʃmɑːr
krahvinna	krɑhvinːɑ
kriit	kriːtˑ
krimpsus	kɾimpsus
kristalne	kristɑlʲnæ
kritseldus	kritseltʊs
kroksid	krokʲsʲi
kronksu	kronkso
kroonu	kronu
krunt	kɾuːnt
krussi	kruːsʲsʲi
krussis	kruszʲis
kruus	kruːs
kruus	kruːsʲ
kruustangid	kruːstɑŋg̊id̥
kruvik	kruvi
krõps	krɤps
kubel	kupel
kubla	kuplɑ
kudu	kud̥u
kuhjaga	kˈuhjˈˈɑkˈa
kuhu	kuɦu
kuhugi	kuhuki
kui	kui
kui	oui
kuivati	kuivɑtti
kuivatus	kuivɑtːus
kuivus	kuivus
kukile	kukilæ
kukk	kukː
kuldnokk	kuld̥nokː
kulgur	kulɫkʊr
kulinaaria	kulʲinɑːriɑ̯
kuljus	kulius
kuljus	kulʲjüs
kulles	kules
kulm	kulm
kulturism	kultuɾism
kuluma	kulumɑ
kummik	kummik
kummitus	kunmitus
kummuli	kumˑulʲi
kuni	kunʲi
kuni	kˈunˈi
kuningas	kunʲiŋg̊ɑs
kunn	kunʲː
kunstiline	kunt̪s̠t̪iline̞
kupatus	kupɑtʊs
kuplas	kuplas
kuri	kuri
kurk	kʊrk
kus	kus
kust	kust
kust?	kust
kutsar	kutsar
kutse	kutsɛ
kutsika	kutʲsʲikˑɑ
kutsikas	kutʲsʲikˑɑs
kutsikat	kutʲsʲikˑɑtˑ
kutsu	kutʃu
kutsuda	kutsuta
kuu	kuː
kuuendik	kuːentik
kuueteistkümnes	kuːwetei̯stkymnes
kuulajaskond	kuːlɑjɑskon
kuulama	kuːlɑmɑ
kuuldavalt	kuːlˈtˈavɑlt
kuule	kule
kuulukse	kuulukse
kuuluma	kuulumɑ
kuuluv	kuːluː
kuus	kuːs
kuuseroheline	kuːserohæˌlʲine
kuusik	kuːsʲikˑ
kuusteist	kuːsteːst
kvaliteet	kvɑliteː
kveeker	kvˈeːkər
kviitung	kviːtunk
kvoot	kvˈoːt
käesurve	kæˈesuˈrvæ
kähisema	kæɦisemɑ
käigukast	kæi̯g̊ukɑsʲtˑ
käima	kæi̯mɑ
käisin	kaisin
känd	kænd̥
känguru	kæŋg̊uru
käpik	kæpˑikˑ
kärp	kærpˑ
käsi	kasi
käsi	kæsʲi
käsikivi	kʰa˥˥si˧˧ki˥˥vi˨˩˦
käsitama	kæsʲitˑɑmɑ
käsitlema	kæsʲitlemɑ
käsn	kæsˑn̥
kätlin	kætlɪ̞n
kättemaks	kætːemɑks
kääne	kæːne̞
kääne	kæˑne̞
käärid	kæːrid̥
käärima	kæːrimɑ
kõhunääre	kɤɦunæˑre̞
kõhunäärmejuha	kɤɦunæːrmejüɦɑ
kõhunäärmepõletik	kɤɦunæːrmepɤletʲˑikˑ
kõhunäärmevähk	kɤɦunæːrmevæhk
kõik	kɤi̯kˑ
kõndimiseks	kyn̥t̥imiseks
kõrs	kɤrs
kõrts	kɯrts
kõrvalmõju	kɤrvɑlmɤjü
kõrvits	kɤrvits
köömen	køːmæn
köösner	køːsner
kükitama	kykjtɑmɑ
kükk	kykː
külalisi	kylˌɑˌlesi
külalislahkust	kylɑlislɑhːkust
külaskäigul	kylaskæig̊ul
külastaja	kylˈɑstɑjɑ
külgsuunas	kilksuːnɑs
küll	kylː
küllane	kylˑɑne̞
külm	kylʲm
külmetama	kylmɛttɑmɑ
külmik	kylmikˑ
külmkapimagnet	kylʲmkɑpˑimɑg̊netˑ
külmkapp	kylmkɑpː
kümme	kymˑe̞
küsi	tysi
küsimusi	kysiimusi
kütma	kytmɑ
kütta	kyttæ
küülik	kyːlʲikˑ
küünal	kyˑnɑl
küünelakk	kyːnelˈɑkː
küüslauk	kyːslɑu̯kˑ
la	lɑ
laad	lɑːd̥
lagrits	lɑg̊rits
lahe	lɑɦe̞
lahe	ləʊ˨˩heɪ˧˥
lahendus	lɑhˈentˌos
lahing	lɔːhlˈnk
lahustus	vɑɦustus
laip	laip
laisk	lɑi̯sk
laiskus	lɑi̯skus
laitmatult	lɑitmɑtul
lajatus	lɑjɑtˈtus
lapsuke	lɑpsukːe
lask	lɑsk
laskma	lɑskmɑ
lasn	lasn
lastearst	lɑstɑˌrst
lastehaigla	lɑstehɑi̯g̊lɑ
lasteprostitutsioon	lɑsteprostʲitˑutsʲio̯ːn
lastetus	lɑstetːus
laukapuu	lɑu̯kˑɑpuː
laulatus	lɑulɑtːus
laulev	lau̯lev
lauluisa	lɑulˌusɑ
laupäeviti	lɑu̯pˑæe̯vitʲˑi
laura	lɑu̯rɑ
lausuja	lɑʊsujɑ
lavendel	lɑvend̥el
lavsaan	laːvɛsɔːn
leebus	leːbus
leedukas	leːtukːɑsʲ
leegion	leːkion
leelis	laelis
leem	leːm
leemur	leːmor
leetrid	leːtrid̥
lehetäi	leɦetæi̯
lehm	lehˑm̥
leht	leht
lehtpuu	lehtpuː
leidma	lei̯d̥mɑ
leitsakuline	leitsækuline̞
lend	lend
lendama	lend̥ɑmɑ
lennukus	lennukus
leotus	leotːus
lepitamatu	leˌpitæmɑˌtˌu
leplik	ləplik
levik	ləvik
libedus	lipetus
libeeria	lʲib̥eːriɑ̯
lift	lˈɪft
liha	lɪːh
lihastik	liːgɑstɪk
liialdus	liːɑltus
liige	liːge
liigiti	liːgit˩i˨
liigutus	liːkutus
liikluspiirang	lʲiːkluspiːrɑŋg̊
liikumispiirang	lʲiːkːumispiːrɑŋg̊
liikur	liːkˌuːr
liikuv	li˥˩kuv˨
liim	lʲiːm
liisk	lʲiːsk
liistak	liːstˈɑk
liitlane	liːtˈlˈɑnˈnɛ
liitrine	litrine
liitus	litus
liiv	lʲiːv
likviidsus	likviːtsus
lill	lˈɪlˈlˈɛ
limune	limone
linane	lˈinˈɔne
lind	lʲind̥
linnapea	lin˥˥n˥˥a˥˧pe˥˥ː
linnas	lˈinˈɑs
linnateater	lʲinːɑteɑtːɛr
linnavalitsus	lʲinːɑvɑlitsʲus
linnus	linnos
lipoom	lipːom
lips	lʲips
lips	lˈips
lisandus	lisɑntʊs
literatuur	lʲitˑerɑttuːr
ljöö	ljˈøː
loen	loːˈen
loeng	loe̯ŋg̊
loik	loi̯kˑ
loll	lojlí
loll	lolʲː
london	london
loomaliha	lˈoːmɑliːhˈa
loož	lˈoʒɨ
loss	losʲː
lubama	lub̥ɑmɑ
lugemisprillid	lug̊emisprilʲːid̥
luide	lui̯d̥e̞
lumememm	lumememː
lumesadu	lumesɑd̥u
lumi	lumi
lummus	lumnus
lunastaja	lˈunˈɑstɑjɑ
lupjama	lupːjˈɑmɑ
lupsti	lˈʌpsti
lurtsti	lurt̪s̺t̪i
lustlik	lˈʌstlik
lutsern	lutsɛrn
luu	luː
luu	lˈoː
luumen	lˈuːmən
luup	lˈuːp
luuüdi	luːyd̥ʲi
luxembourg	lyg̊zɑnb̥uːr
läbi	lˈæpi
läbikäik	læbikæik
läbimärg	læpimærk
lähetus	læhetˈus
läks	læks
lääs	læːs
lõbustuspark	lɤb̥ustuspɑrkˑ
lõhe	lɛː˧haː˧
lõks	lɤks
lõosilm	losilm
lõosilm	lɤo̯sʲilm
lõppjaam	lɤpːjɑ̈ːm
lõõmav	lɤːmaːt
lõõskama	lɤːskɑmɑ
lüüasaamine	lyi̯ːjɑ̈sɑːmine̞
ma	ma
ma	mɑ
maailm	maːilm
maailmavaade	mɑːilmɑvɑːd̥e̞
maak	mɑːkˑ
maalane	mɑːlɑne̞
maali	mɑːliː
maali	mɑˑlʲi
maantee	mɑːnteː
maapinna	mɑːbinnɑ
maarahvas	mɑːrɑhvɑs
maas	mˈɑːs
maasikad	mɑːsikːɑt
maausk	maːusk
maavärin	mɑːværin
madise	majtisʲe
madu	mɑd̥u
magamistuba	mɑg̊ɑmistub̥ɑ
magma	mˈɑkəmˌa
magusjuur	mɑg̊usjüːr
mahedus	mɑhæd̥us
mahl	mɑhˑl̥
mahlakus	mɑhlɑkkus
mahlane	mɑhlɑnɛ
mahlatu	mɑhlɑtˈtu
maht	mɑht
mahu	mˈɑxˈu
mahutavus	mɑhuttɑvus
mahuti	mɑhutˈti
mailane	mɑi̯lɑne
maimik	mɑimʲik
maimuke	mˌɑˌimukˌke
maitsmine	mɑitʲmʲine
majandusteadus	mɑjɑmd̥usteɑd̥us
majja	maːjːjɑ
maks	mɑks
maksimalism	mɑksimɑlis
maletaja	mɑˌlɛtˈtɑjɑ
malmö	mɑlmø
malta	mɑltɑ
mandariin	mɑnd̥ɑriːn
mandel	mɑnd̥el
mandlipiim	mɑnd̥lʲipiːm
manitsus	manitsus
mannekeen	monnekeːn
mantel	mˈˈɑntˈl
maret	morɾet
mari	mˈɑɹi
marii	mariː
marraskile	mɑrɑskile
martin	mɑrtʲin
martsipan	martsʲipɑn
masendus	mosent̪us
masin	mɑsʲin
massiliselt	mɑsʲiliselt
masuut	mosuːt
matadoor	mɑtˈtɑˌtoˌor
materjalide	mɑtːɛrjɑlid̥e
mati	mɑtʲˑi
matkaja	matːkɑjɑ
matus	mɑtˑus
matuseline	mɑtːuseline
matš	mɑtʃ
me	me
meditsiiniline	med̥ʲitsʲiːnʲilʲine̞
meduus	med̥uːs
meel	meːl
meele	meːle̞
meele	meˑle̞
meelelahutus	meːlelɑɦutˑus
meeleline	mejleline
meelespea	meːlespeɑ̯
meeletu	meːletˑu
meeletus	mˌeˌelˌetˈtus
meelt	mˈeːlt
meem	meːm
meemäger	meːmæg̊er
meene	meːne̞
meene	meˑne̞
mees	meːs
meesisik	meːsisʲikˑ
meest	mɛːst
mehe	mˌɛːhˈɪ
mehi	mˈeɪhi
meil	mˈeɪl
meist	meist
melikjan	melʲikjɑ̈n
mere	meræ
mesi	messi
metroo	metro
metsmaasikad	metsmɑːsikɑ
metsmaasikas	metsmɑːsikːɑs
metspipar	metspipˑɑr
midagi	mitaːke
miinus	mˌiːnʊs
mikrofon	mɪkrofon
miks	miks
mikser	mikseɾ
mil	mil
miljon	miljˈøn
miljon	milʲjon
millele	milele
mind	mint
minemas	minemas
mingu	minkɔz
minia	minija
minibuss	minʲib̥usː
miniseelik	minʲiseːlʲikˑ
minna	minna
minuga	minukaa
minul	minuz
minust	minuzt
minut	minu
minut	minutˑ
mis?	mis
misjonär	misʲjonær
mitte	mitːe
mitut	mˈɪtːut
modell	motel
moodi	mˌoːʊʊti
moos	moːs
mooses	moːses
mops	mups
mornilt	mˈuːrnilt
moskiito	mˈoskito
motoorne	mˈotːorne
motoroller	motorolleɾ
mu	mu
mudžahiid	mud̥ʒɑhiːd̥
mugandus	mukɑnd̥us
mugavalt	mukaːvɑlt
mugavasti	mukaːvɑsti
mugavus	mukavus
muhu	muxu
muinasjutt	mui̯nɑsʲjütː
mujal	mujal
mujale	mujɔle
mulatti	mulattʲi
muld	mult
mullastik	mulːɑsti
muna	munɑ
munand	munɑnd̥
munandikott	munɑnd̥ʲikotʲː
murakad	muraːkkɑt
murakas	murɑkˑɑs
murrak	murraka
muru	muru
muruniiduk	murunʲiˑd̥ukˑ
muskaatpähkel	muskɑːtˑpæhkel
muskoviit	muskovit
mutt	mutʲː
muusika	muːsʲikˑɑ
muusikainstrument	muːsʲikˑɑinstrumenʲtˑ
muust	must
muutub	muːtub
muutuma	mˈutːumɑ
mänd	mænd̥
mänd	mænʲd̥
märki	marki
märt	mɛrt
mõis	mɯːˈisˈ
mõisaomanik	mɤisoʲmɑnʲik
mõmmi	mammʲi
mõru	mɤru
mõrva	mɤrʋɑ
mõõk	mɤːkˑ
möllama	mølːɑmɑ
mööda	møːtˌeː
müdisema	myd̥ʲisemɑ
münt	myntˑ
mürisema	myrisemɑ
mürk	myrkˑ
mürk	mʏ̞rk
müts	myts
müts	mytʲs
müür	myːr
müüri	muːri
naine	nɑi̯ne̞
naissaar	nɑi̯ssɑːr
napoli	nɑːpːolʲi
narkolepsia	nɑrkolepsʲiɑ̯
neelama	neːlɑmɑ
neitsi	nˈeˈitsi
nekroos	nekros
neli	nelʲi
neljateistkümnes	nelʲjɑ̈tei̯stkymnes
nende	nente
nendeni	nenbeni
nentis	entis
nii	ni˨˩˦
niidistik	nʲiːd̥ʲistʲikˑ
niiduk	nʲiˑd̥ukˑ
niilo	nilo
niisiis	nʲiːsʲiːs
niit	nʲiːtˑ
niitma	nʲiːtmɑ
nimetama	nimetˈɑmɑ
nimetamine	nimetˈɑmɪne
nižni	niʒni
njuuton	nˌuːton
no	no
nobe	nob̥e̞
nohisema	noɦisemɑ
nokkima	nokːimɑ
nomenklatuur	nomenklatuːr
noomitus	noːmiˌtˈtus
noor	nooɾ
noor	noːr
noorem	nurem
noorik	nurik
nooruke	nˌoˌrukˌe
norija	noriːa
norsatus	nˌoˌrsɑtˌtus
notsu	nojtsʲu
novaatorlik	novɑːtːorlik
nuga	nˈuka
nugiline	nukiiline
nuhisema	nuɦisemɑ
nukrus	lukrus
null	nulʲː
nullis	nulˑis
numismaatiline	numismɑʊtiline
nupukus	nopukus
nurgake	nurkɑkːɛ
nurgik	nurkik
nurkse	nrkse
nussida	nusʲːid̥ɑ
nutma	nutma
nägu	næg̊u
näha	nhɑ
näidend	næi̯d̥end̥
näkineid	nɛkːinei̯t
näks	nəks
näljane	nælʲjɑ̈ne̞
nääre	næˑre̞
nõudepesumasin	nɤu̯d̥epesumɑsʲin
nõõ	nɤː
o	oː
oga	og̊ɑ
ohjama	ohjɑ̈mɑ
ohutu	oɦutˑu
oktaav	oktaːv
okulaar	okulaːr
ole	ole
oleks	oleks
olema	olemɑ
oletama	olettɑmɑ
olevus	oleus
olga	olʲg̊ɑ
oliivipuu	olʲiːvipˑuː
olin	olim
olla	oɫːɑ
oluline	olulʲine̞
oma	omɑ
omadus	omɑd̥us
omadussõna	omɑd̥ussɤnɑ
ometi	ometːi
on	on
on	sɑmɑ
on	ũn
ooper	oːpːer
oopus	opus
ootama	oːtːɑmɑ
ootan	uːtːɑn
opsti	opste
oras	orɑs
ordu	ortu
orientatsioon	orie̯ntɑtsʲio̯ːn
orkaan	orkɑːn
ortoloogia	ortoloːkia
osakene	osɑkˈene
osastav	osɑːztɑv
osavasti	osɑvɑsʲti
oskama	oskɑmɑ
oskuslik	oskoslik
osoon	osoːn
osoon	osˈoːɔl
ostetavus	ostetɑvos
ostma	ostma
ostukorv	ostukorva
osuti	osutti
osutus	usutus
ots	ots
ots	pɔtsʰ
otsa	otsa
otsas	ɔtsɑs
otse	otse̞
otsmik	tsmik
otsmine	otsmʲinɛ
otstarve	otstɑrve̞
otsustama	otsʏstɑmɑ
otsustamatus	otsuzstɑmɑtus
paanika	pɑɑnikˌɑ
paat	pɑːtʲˑ
paat	pɑːtˑ
paavo	pɑːvo
paaž	pɑːʒ
pada	pɑd̥ɑ
paest	paːst
paine	pɑi̯ne̞
paiste	pɑi̯ste̞
pakku	pˈɑkˈu
pakkuma	pˈɑkˈkuma
pakkusime	pɑkkusimæ
paks	pɑks
paksendus	po̞ksent̪us
paksult	pɑksul
pakutu	pɑkˈutu
palee	pɑleː
paleepööre	pɑleːpøːre̞
palk	pˈɑɭk
palmik	pɑlʲmikˑ
panama	pɑnɑmɑ
pani	panʲi
pank	pank
pankur	pankur
paradoksaalne	pɑrɑtoksɑlɑlne
parempidine	porempitine
park	pɑrkˑ
pastelne	past̪elne
paun	poun
peaaegu	peɑ̯ɑe̯g̊u
peaga	pˌeˌɑˌkˌa
peaingel	peɑ̯iŋg̊el
peal	peal
peale	peɾɑlɛn
peamine	peɑ̯mine̞
peatus	peatːus
pedantne	ped̥ɑntne̞
peegel	peːg̊el
peer	peːr
peeso	pˈeso
pelutas	penutɑs
pelutu	pelutːu
peoga	pe˨˩˦o˨˩˦kɑ˨
perekonnaseis	pʲereːkonnɑseis
perfektne	perfekˑtne̞
perioodika	perioːtikːɐ
perroon	perroɔn
pervik	pervi
pesumasin	pesumɑsʲin
pidev	pˈitˈɛvˈ
pidu	pid̥u
pidurid	piturid
piibel	piːpel
piiksuma	piːksumɑ
piim	piːm
piima	piːman
piimahammas	piˑmɑhɑmˑɑs
piin	piːn
piinama	piːnɑmɑ
piir	piːr
piiraja	piːrɑ̈jɑ̈
piiramatus	piːrɑmɑtˑus
piiramine	piːrɑmine̞
piiramislahing	piːrɑmislɑɦiŋg̊
piiramismasin	piːrɑmismɑsʲin
piiramisrõngas	piːrɑmisrɤŋg̊ɑs
piiramisseisukord	piːrɑmissei̯sukˑord̥
piiramistorn	piːrɑmistorn
piirang	piːrɑŋg̊
piiratus	piːrɑtˑus
piirdumine	piːrd̥umine̞
piire	piːre̞
pikalt	pikɑlt
pikiparallaks	piːkˈipɑrɑllɑks
pilu	pilo˥˩
pilv	pilv
pinisema	pinʲisemɑ
pinnase	pin˩˧n˧ɔː˩˧seŋ˧
pirn	pirn
pirn	pɪrɪ̞n
pirnipuu	pirniːpuː
pirnipuu	pirnʲipˑuː
pits	pˈits
pitsabaar	pitsɑb̥ɑːr
plahvatus	plɑhvɑtˈtus
plankton	plankton
plankton	plɑŋkˑton
platon	platon
platooniline	plɑtoːnʲilʲine̞
plats	plˈaɪts
pliidiraud	plʲiːd̥ʲirɑu̯d̥
ploomipuu	ploːmipˑuː
pluuto	pluːtːo
pläru	plæru
poed	poet
poeem	poem
poeg	poe̯g̊
poeglaps	poːəklˈapːs
pohhui	pohːui̯
polaarstratosfääripilv	polɑːrstrɑtˑosfæˑripilv
poliitik	politik
polnud	polnuts
pomm	pomː
pommi	pomːi
pontoonsild	pontoːnsʲild̥
pood	poːd̥ʲ
pool	poːl
pool	poːlʲ
poole	poːle̞
pooleks	poːlːeks
pooleli	puːleːbi
poolteist	poːltei̯st
pooriline	poriline
poos	pos
portsjon	port̪zjon
posija	posʲija
postimees	pˈoʃtimˈeːs
praha	prɑɦɑ
preili	preli
pringi	prinɟi
professionaalne	profˑesˑio̯nɑːlne̞
prohvet	pro˥˩ːxvɛt
proov	prooˈz
prostitutsioon	prostʲitˑutsʲio̯ːn
präänik	præːnʲikˑ
prügikott	pryg̊ikotʲː
pudru	pˈutrɔ
puhevile	puhevila
puhin	puhˈi
puhuti	puħuti
pulm	pulm
puna	punɑ
punajuukseline	punɑjukseline
punakas	punɑkˑɑs
punane	punɑne̞
purikas	purikˑɑs
puu	puː
puusärk	puːsɛrk
puuvili	puːvilʲi
pädema	pæd̥emɑ
pädev	pæd̥ev
päevaga	pæevɑgɑ
päevasupp	pæivɑsupː
pähkel	pæhkel
päitsed	pæi̯tsed̥
pärast	paˈrɑst
pärdik	pærd̥ʲikˑ
pärit	parit
pärl	pɛrl
pärlmutter	pærlmutːer
pärlmutterpilv	pærlmutːerpilv
pärt	pɛrt
põhi	pɤɦi
põhikool	pɤɦikoːl
põldmurakas	pɤld̥murɑkˑɑs
põlev	pɤlev
põlv	pɛlv
põlv	pɤlʲv
põlvitama	pɤlʲvitˑɑmɑ
põnevus	pɯˈnevus
põsk	pɤsʲkˑ
pöial	pøi̯ɑ̯l
pöör	pøːr
pügal	pyg̊ɑl
pügala	pyg̊ɑlɑ
pügalat	pyg̊ɑlɑtˑ
pühamu	pyɦɑmu
pühapäev	pyɦɑppæe̯v
pühapäev	pyɦɑpæe̯v
rabamurakas	rɑb̥ɑmurɑkˑɑs
raha	rɑɦɑ
rahastan	raːhɑstɑn
rahn	rɑhl
rahu	rahu
rahuläbirääkimised	rɑɦulæb̥iræːkːimised̥
rahvaarv	rɑhvɑɑrv
rahvuspark	rɑhvuspɑrkˑ
raisakotkas	rɑisaːkɔtkɑs
rakk	rɑkː
rasmus	rasmus
rasv	rɑsˑv̥
ratas	rɑtˑɑs
ratassepp	rɑtˑɑssepˑ
raudsepp	rɑu̯d̥sepː
raudteejaam	rɑu̯d̥teːjɑ̈ːm
rebima	reb̥imɑ
redis	reis
reeglid	rˈeːklid
reisijuht	rei̯sʲijüht
rent	tɾent̪
resto	resto
restoran	restoran
retk	ret
režiim	reʒiʲim
ridamisi	ritaamisi
riid	riːd
riidepuu	riːd̥epˑuː
riie	rˈiːe
riik	riːkˑ
riiki	riːkːi
riina	liːnˈɑ
riisikeetja	riːsʲikeːtʲjɑ̈
riisivein	riˑsʲivei̯n
riiv	riːgjˈv
rikastada	rikːɑstɑd̥ɑ
rikastuma	rikˑɑstumɑ
rikkuma	rˈikːumˌɑ
ringmängulaul	riŋg̊mæŋg̊ulɑu̯l
rinne	rinːa
risustamine	riˈsustɑminen
ritv	rˈitv
riugas	riˈugɑs
rojalist	roˌjalistˌ
rokane	rokaːnɟi
roll	roi̯lː
romaan	romɑːn
romantiline	romɑntiline̞
romet	rɔmet
rongijaam	roŋg̊ijɑ̈ːm
rongijaamast	ronkʲiɑːmɑst
roos	ros
rootsi	roˑtsʲi
rosma	rosma
rukis	rukˑis
rämps	ræmps
räpane	ræpˑɑne̞
räägime	ræːkʲimæ
rääkima	ræːkːimɑ
rõhutus	rɔɦutus
rõivas	rɤi̯vɑs
rõõm	rɤːm
röster	røstɛr
röstsai	rø̞ssɑi̯
röövima	røːvimɑ
röövimine	røːvimine̞
rüperaal	rypˑerɑːl
rüütli	ryːtlʲi
sa	sɑ
sa	sˈa
saada	sɑːd̥ɑ
saada	sɑˑd̥ɑ
saadik	sɑˑd̥ʲikˑ
saal	sɑːlʲ
saalibändi	sɑˑlʲib̥ænd̥ʲi
saamine	sɑːmin
saarlane	sɑːrlɑne̞
saati	sɑːtʲi
sadomasohhism	sɑd̥omɑsohːisˑm̥
saeliha	sɔː˧˧ɛː˧liː˨˩hɔː˨
sagar	sɑg̊ɑr
sahel	sɑxʱel
sahtel	sɑhtel
sahtli	sɑhtlʲi
sahtlit	sɑhtlʲitˑ
saiake	sɑi̯ɑkˑe̞
saiakese	sɑi̯ɑkˑese̞
saiakest	sɑi̯ɑkˑest
saientoloogia	sɑi̯entoloːg̊iɑ̯
sajand	sɑ̈jɑ̈nd̥
saks	sɑks
sakutus	sɑkːutus
salatiroheline	sɑlɑtiroˈheline
salmer	sɑlˈmɛr
sama	sɑmɑ
samas	sɑmɑs
samasugune	sɑmɑsug̊une̞
sangad	sãːŋgɑːt
sanskrit	sɑnskritˑ
sarajevo	sɑrɑ̈jevo
sarapuupähkel	sɑrɑpuːb̥æhkel
seadma	seɑ̯d̥mɑ
seaduskuulekas	seɑˌtuskuˌulˌekˌɑsˌ
sedaan	setaːn
see	on
see	seː
seega	seːˈgˈɑ
seenlill	seːnlilː
seetõttu	seˌetˌotˈtˈu
segisti	seˈkisti
segumahl	seˈkumɑh
seisukohast	seisug̊ohɑst
seitse	sei̯tse̞
seitsmeteistkümnes	sei̯tsmetei̯stkymnes
sekretär	sekretˑær
seksuaalne	seksuɑːlne̞
sektor	sekˑtor
sekund	sekund
seleta	seletːɑ
seletada	selˈetɑd̥ɑ
selguma	selg̊uma
selgus	selg̊us
seljaaju	selʲjɑ̈ɑ̈jü
sellega	seˌlˌlˌeˌgˌɑ
selleks	selleks
sellest	selest
selline	sellˈɪne
selma	sɛlmaː
semester	semestˌɛr
senine	se̞nine
sent	sɛn̪t̪
senti	sente
seotud	seˈotːut
sepp	sep
sevilla	sevilʲjɑ̈
sfäär	sfæːr
sidesõna	sʲid̥esɤnɑ
sidrun	sʲitron
siga	sʲig̊ɑ
siider	siːtɛr
siil	sˈiːl
siim	sˈim
siirupine	sˈiːrˈupːine
siirus	sʲiʲiros
siivutu	s̺iːv̞ut̪o
sild	sʲild̥
sillutis	silutis
silmakirjatsema	sʲilmɑkirjɑ̈tsemɑ
siluett	sʲiluetʲː
sind	sint̪
sinikad	sinikæt
sinuga	ˈsinˈuka
sinust	sʲinust
sirp	sɪrp
sisse	sissæ
sitanägu	sid̥tɑnæg̊u
sittuma	sˈɪtˌtumɑ
skisofreenia	skisofreːnʲiɑ̯
skorpion	skorpio̯n
sloveenia	sloveːnʲiɑ̯
soe	sˈoːɛ
sofia	sofˑiɑ̯
solvang	solvɑŋg̊
soolama	soːlɑmɑ
soolatud	soːlɑtˈtut
soome	soːme̞
sooritama	suːritːɑmɑ
soovi	so˩˥ːvi˥˩
sooviksid	soːviksit
sopran	soprɛn
soum	sou̯m
spargel	sporkel
staar	stɑːɾ
start	stˈɑɾt
statistik	statˈistik
stella	stelːɑ
stockholm	stokːholm
stratosfäär	strɑtˑosfæːr
stratosfäärilend	strɑtˑosfæˑrilend̥
stressi	strɛsˈsˈi
su	su
su	sʊ
sugunääre	sug̊unæˑre̞
suhelda	suhæltɑ
suhteliselt	suhtelisɛlt
suitsetama	suitseːtɑmɑ
suitsu	suitsʊ
sularaha	sulaːrɑhɑ
suletud	suletˑud̥
sulgemine	suːlkemine
sultanaat	sultɑnɑt
summa	summa
sundima	sund̥ʲimɑ
sunduslik	sunʲd̥uslʲikˑ
sunduslikkus	sunʲd̥uslʲikːus
supilusikas	supiluˈsikːɑs
surra	surˈɑ
sussid	sussˈið
sutenöör	sutˑenøːr
suurendusklaas	suːrenʲtusklɑːs
suurim	sˈuːrɪm
suusatama	suːsɑtːɑmɑ
suutma	suːtmɑ
suve	sˌuvɛ
svert	sʲvʲɛrt
sviit	svit
säilitama	sæi̯lʲitˑɑmɑ
särg	særg̊
säutsuma	sæu̯tsumɑ
säär	sæːr
sõge	sɤg̊e̞
sõiduk	sɤi̯d̥ukˑ
sõit	sɤi̯tˑ
sõitma	sɤi̯tmɑ
sõltuma	səltumɑ
sõltumatu	sɤltumɑtˑu
sõna	sɤnɑ
sõnaraamat	sɤnɑrɑˑmɑtˑ
sõnum	sɤnum
sõrg	sɛrrɛk
sõsar	sɤsɑr
sõõrik	sɯːrik
sööja	søːje
sööstma	søːstmɑ
sügisel	syksel
sülitama	sylʲitˑɑmɑ
sült	sytˢ
sünd	synt
sündima	synʲd̥ʲimɑ
sünnitus	synʲːitˑus
sünnitushaigla	synʲːitˑushɑi̯g̊lɑ
sünonüüm	synonyːm
sünonüümne	synonyːmne̞
süntees	syŋteːs
süü	syː
ta	tɑ
taanduma	tɑːnd̥umɑ
tagama	tɑg̊ɑmɑ
tagasi	tɑg̊ɑsʲi
tagasõna	tɑg̊ɑsɤnɑ
taide	tɑi̯d̥e̞
taie	tɑi̯e̞
taiet	tɑi̯etˑ
takjas	tɑkjɑ̈s
taktik	taktˈik
tal	tˌɑl
tallama	tɑlːɑmɑ
tallinna	kɑllʲinnɑ
talv	tɑlʲv
tana	tɑnɑ
tantsin	toĩˌnˈtˈsˈiŋ
tantsupõrand	tɑntsupɤrɑnd̥
taotlema	tɑo̯tlemɑ
tapper	tɑpːer
tarkusehammas	tɑrkusehɑmˑɑs
tarkvaraarendaja	tɑrkvɑrɑɑrend̥ɑ̈jɑ̈
tartaan	tɑrtɑn
tarvilik	tˌoˌrviˌlikˌ
tasand	taːsɑːnt
tasandik	taːsaːntiːk
tasu	tɑsu
tatari	tɑtˑɑri
tatevosjan	tɑtˑevosʲjɑ̈n
taunitav	tauˈnitɑv
tavapärasel	tɑvɑperɑsel
tavatu	tɑvɑttu
teada	teɑ̯d̥ɑ
teada	teˌɑˌtɑˌ
teadja	teɑ̯d̥ʲjɑ̈
teadma	teɑ̯d̥mɑ
teadvusetus	teɑd̥vusetːus
teame	tea˩˥ːme˧˧
teeme	teːmæ
teen	te˥˩n
teenima	teˌenimoˌ
tegevuspiirang	teg̊evuspiːrɑŋg̊
teine	tei̯ne̞
teineteist	teinɑteist
tekst	tˈɛkst
telefoninumber	telefˑonʲinumb̥er
telefoniraamat	telefˑonʲirɑˑmɑtˑ
telekanal	te̞le̞ko̞nɔːl
tellima	telʲːimɑ
tellima	tɛllimɑ
telliskivi	telˑiskivi
temal	teˌmɑˌl
terav	terɑv
tere	tere̞
tervenisti	tervˈenɪsti
tibla	tʲib̥lɑ
tigu	tiku
tihedus	tihetus
tiiger	tʲiːg̊er
tiina	iːnɑ
tikand	tʲikˑɑnd̥
tikk	tʲikː
tila	tilaː
tipp	tʲipː
tobe	tob̥e̞
tohib	toˈhi
toidu	tojtu
toimingupiirang	toi̯miŋg̊upiːrɑŋg̊
toksiin	toks̞iːn
tollipiirang	tolʲːipiːrɑŋg̊
tolmelda	tulmeld̥ɑ
tolmuimeja	tolmuimejɑ̈
tomat	tomajt
tomat	tomɑtˑ
tomatimahl	tomɑtʲˑimɑhˑl̥
too	toː
toober	to˩˥ːber
toogu	to˩˥ːgu˩˥ː
toole	toːlɛ
toona	tuːnɑ
toona	tˈoːna
tootja	tˌoˌtjɑ
topsik	tobsik
torino	toriːno
torm	dorm
tormakus	tormɑkːus
tort	tɑrt
tort	t̪oɾt̪
torukesed	torukːeset
torustik	torusti
torustikutööd	torustikːutøːt
triller	trilˈlˈer
tsaar	tsɑːr
tsement	tsementˑ
tsensuur	tsensuːr
tubli	tupli
tuikama	tukːɑmɑ
tuimalt	tˈuˈimˈalt
tukastus	tukːɑstus
tuksatus	tuksatːus
tulemuslikkust	tulɑmuslikːust
tuletikk	tuletʲˑikː
tulevik	tulɛvik
tulistus	θulistus
tulnud	tulnut
tulutoov	tulutoɔv
tunduma	tuntomɑ
tunnus	tunːus
tupik	tupˈi
tuppa	tupːa
turbiin	tˌuˈrpiˌiˌnˌ
turg	turɾɯ̞k
tursk	tursk
tutt	tut
tutvuda	tutvutɑ
tuul	tuːl
tuumaelektrijaam	tuˑmɑelekˑtrijɑ̈ːm
tuumaelektrijaama	tuˑmɑelekˑtrijɑ̈ːmɑ
tuumaelektrijaama	tuˑmɑelekˑtrijɑ̈ˑmɑ
tuumik	tˀuːmiː
tuunikala	tuːniːkɑlɑ
tuus	tuːs
tähestik	tæɦestʲikˑ
täheteadus	tæɦeteɑ̯d̥us
tähistama	tæɦistɑmɑ
täht	tæht
täispilet	tæispilːet̪
täiuslik	tæi̯u̯slʲikˑ
täna	tænɑ
tänan	tænɑn
tänavalt	tˌɑnˌɑˈvɑlt
täpselt	tæpsɛlt
täring	tæriŋg̊
tärn	tɛrn
tõid	tˈoːt
tõin	tɔjˈin
tõmblukk	tɤmb̥lukː
tõnu	tɨnu
tõukeratas	tɤu̯kˑerɑtˑɑs
tõusis	tɪu̯sʲisʲ
töö	tøː
tööhüpotees	tøːhøpːɒteːs
töökuulutus	tøːkuːluttus
tööriist	tøˑriːst
töötaja	tøːtːɑ̈jɑ̈
tülli	tyllˈe
tütar	tytɑr
tüümian	tˈymˈiˌˈɑn
tšekk	tʃekː
tšellist	tʃellʲist
tšello	tʃelˑo
tšilli	tʃili
ubinale	ub̥inɑle̞
ubinalt	ub̥inɑltˑ
ubinasse	ub̥inɑsːe̞
ubinat	ub̥inɑtˑ
uhkus	uhˈkʊs
ujuksild	üjüksʲild̥
uks	ks
universaalne	unʲiversɑːlne̞
uno	ˈuno
unustus	unustuz
urgas	urqɑs
usaldamatu	usɑld̥ɑmɑtˑu
usaldamatus	usɑltɑmotus
usaldav	usɑltɑ
usinalt	usiːnɑlt
usinus	usʲinus
uss	usʲː
usutavalt	usutːɑvɑlt
utoopiline	utaopiline
uulits	uˑlʲits
uunikum	uːnikːum
uurimuslik	uːrimuːslik
uuteks	uːtɛks
vaal	vˈɑl
vaas	vɑːs
vaatama	vɑːtˑɑmɑ
vaba	vɑb̥ɑ
vabadus	vɑb̥ɑd̥us
vabamüürlane	vɑb̥ɑmyːrlɑne̞
vabandama	vɑpɑntɑmɑ
vabatahtlikult	vɑb̥ɑtɑhtlʲikˑultˑ
vadja	vɑd̥ʲjɑ̈
vaduz	fɑd̥uːts
vaen	vɑe̯n
vagu	vɑg̊u
vaheldama	vɑɦeld̥ɑmɑ
vahetusõpilane	vɑɦetˑusɤpˑilɑne̞
vaimumaailm	vɑimumɑːɑlm
vaimustus	ʋɑimustus
vaip	vɑi̯pˑ
vaja	vɑjɑ
vajalikkus	væjɑlikːus
vajutama	vɑjʊtɑmɑ
vaksal	vɑksɑl
vakstu	vokstu
vala	vɑlɑ
valamu	vɑlɑmu
valge	vɑlg̊e̞
valguskiir	vɑlg̊uskiːr
valiti	vɑliti
valmistoit	vɑlmistuit
valutama	vɑlutˈtɑmɑ
vandaal	vɑnd̥ɑːl
vandaali	vɑnd̥ɑːlʲi
vandaali	vɑnd̥ɑˑlʲi
vandaalitsema	vɑnd̥ɑˑlʲitsemɑ
vandenõuteooria	vɑnd̥enɤu̯tˑeoːriɑ̯
vanusepiirang	vɑnusepiːrɑŋg̊
vapper	vɑpːer
varblane	vɑrb̥lɑne̞
vares	vɑres
vargil	vˈɑrkil
varjupaik	vɑrjüpˑɑi̯kˑ
varrukas	vɑrˌruˌkkɑs
varssavi	vɑrsːɑvi
vasakul	vosækul
vasikaliha	vɑsʲikˑɑlʲiɦɑ
vasikas	vɑsʲikˑɑs
vastlakukkel	vɑstlɑkukːɑl
vastu	vɑstu
vastupidavus	vɑstupid̥ɑvus
vatitekk	vɑtʲˑitekː
vatnik	vɑtʲnʲikˑ
vedelik	metˌeˌlikˌ
veede	ˈveːte
veekeetja	veːkìːtjæ
veenduma	veːntʊmɑ
veenvalt	veːnvɔlt
veeretama	veːretːɑmɑ
veerik	veːri
veider	vei̯d̥er
veidrat	vei̯d̥rɑtˑ
veneroloog	veneːroloːk
venestus	venestos
vennanaine	venˈnˈnɑnɑinˌeˌ
veoauto	veo̯ɑu̯tˑo
veos	ʋeos
verd	verd̥
vere	vare
vere	vere̞
veri	veri
veski	viski
vestlema	beːstlemɑ
viga	vig̊ɑ
viga	vika
vigurlik	vikuɾlik
vigvam	vikvam
vihm	vihˑm̥
vihmapiisk	vihmɑpiːsk
vihmavari	vihmɑvɑri
viibima	viːb̥imɑ
viieteistkümnes	viːjetei̯stkymnes
viikis	viːkiz
viimaks	ʋʲiːmɑks
viimistlematu	viːmistleːmɑtu
viimistlus	viːmisdlus
viir	viːr
viirus	viːrus
viis	vis
viis	viːs
viis	viːsʲ
viivis	vˈiːvɪs
viivukene	viːvukːəne
vikat	vikˑɑtˑ
vikisõnaraamat	vikˑisɤnɑrɑˑmɑtˑ
viletsus	viletsˈsˈ
vilguti	vilkɔtːi
vilksamisi	vilg̊sɑmisi
vilksatus	vilksɑtːus
vimm	vimː
vintsutus	vintsʊtːus
viperus	viperos
virgutus	virkutsus
virulentsus	virulentsʊs
virvendus	virvendus
viskoos	vʲiskoːs
vististi	vististɪ
vitaalne	vitːaːlne
vitamiinne	vitɑmiːnne
vivaarium	vivaːrium
vjatšeslav	vjɑ̈tʃeslɑv
voodi	voːd̥ʲi
voodilutikas	voːd̥ʲilutʲˑikɑs
voolas	voːlas
voom	vum
vooriline	voriline
vooruslik	vorˈuslik
vootum	vˈoːtum
vormistus	bormistus
vormitavus	volmitɑvus
vot	vot
vrakk	vrakː
vups	ups
vupsaku	vupsɑkːu
vusser	vussɑr
vussis	vuzsʲisʲ
vägev	væg̊ev
vägevail	vægˌeˌvɑil
vähesed	væhæset
vähk	væhk
väimees	væi̯meːs
väita	væitːɑ
väitma	vˈæjtmˈɑ
värk	værkˑ
värv	værv
väsinud	væsʲinud̥
västrik	væstrikˑ
väärt	væːrtˑ
võeti	vˌøˌˈeti
võibolla	vɤibolːɑ
võiks	vˈiks
võim	vɤi̯m
võlumaailm	vɤluːmɑːilm
võtma	vɤtmɑ
võtta	vɤtːɑ
võõras	vɤˑrɑs
wales	vei̯ls
zagreb	zɑːg̊reb̥
ä	a
äkki	pækːi
äriline	ærilʲine̞
äritegevusega	æriteg̊e̞vusæg̊ɑ
ärkama	ærkɑmɑ
õ	ð̞au
õ	ɤ
õde	ɤd̥e̞
õepoeg	ɤe̯poe̯g̊
õetütar	ɤe̯tytˑɑr
õgima	ɤg̊imɑ
õhtukleit	ɤhtuklei̯tˑ
õhtuti	ɤhtutʲˑi
õhupall	ɤɦupɑlʲː
õigekeelsus	ɤi̯g̊ekeːlsus
õigekeelsussõnaraamat	ɤi̯g̊ekeːlsussɤnɑrɑˑmɑtˑ
õigusriik	ɤi̯g̊usriːkˑ
õlg	ɤlg̊
õlipuuokstega	pɤlipuːoksteg̊ɑ
õllekõht	ɤlːekɤht
õmblusmasin	ɤmb̥lusmɑsʲin
õnneks	ynneks
õpetama	ɤpˑetɑmɑ
õpilane	ɤpˑilɑne̞
õrnus	ɤrnus
õueaiamaa	ɤu̯eɑi̯ɑmɑː
õun	ɤu̯n
õunu	əunu
ö	œm
öland	øːlɑnd̥
öökima	øːkːimɑ
öölaps	øːlaps
üdi	yd̥ʲi
üheksa	yɦeksɑ
üheksa	øɦeksɑ
üheksateist	øɦeksɑtei̯st
üheksateistkümnendik	øɦeksɑtei̯stkymnend̥ʲikˑ
üheksateistkümnene	yɦeksɑtei̯stkymnene̞
üheksateistkümnes	øɦeksɑtei̯stkymnes
ühepajatoit	yhæpɑjɑtoit
ühesuguseid	yhæäsukuseid̥
ühikas	yɦikˑɑs
ühiskondlik	yɦiskond̥lʲikˑ
ühistransport	yɦistrɑnsportˑ
ühtlasi	yhtlæsi
ühtäkki	yhtækːi
üks	yks
üksi	yksʲi
üksi	ykʁi
üksik	ypsik
üksteist	ykstei̯st
ülbe	ylb̥e̞
üldiselt	yld̥ʲiselt
ülekäik	ylekæi̯kˑ
üles	yles
ülevenemaaline	ylevenemɑːlʲine̞
üllatunud	ylˑɑtˑunud̥
ümar	ymɑr
ümberlõikamine	ymb̥erlɤi̯kˑɑmine̞
üritama	yritˑɑmɑ
üritus	yritˑus
ürt	yrtˑ
üsna	ysnɑ
üterbium	ytterb̥ium
üterbium	ytterb̥iu̯m
ütlema	ytlemɑ
ütlen	ytlæn
ütlesin	ytlæsin
ütlev	ytlev
ütlus	ytˈlˈs
ütrium	ytrium
ütrium	ytriu̯m
üür	yːr
üürikorter	yˑrikorter
šaakal	ʃɑːkːɑl
šampoon	ʃɑmpoːn
šantaaž	ʃɑntɑːʒ
šašlõkk	ʃɑʃlɤkː
šnautser	ʃnɑu̯tser
šnitt	ʃnˈit
šokk	ʃokː
šokolaad	ʃokˑolɑːd̥
žanr	xɑŋr
žanr	ʒɑnr
žest	ʒˈɛst
žürii	ʒyriː
