2	dˈø
a	a
abat	abat
abaz	abaz
abazhur	abaʒuɾ
abazi	abazi
abdhellë	abðɛɫə
abdylaziz	abdylaziz
abedin	abed̪in
absidë	absidə
abstenoj	apsteˈnɔj
acaherë	atsaheɾə
acar	aːtsˌaʁ
acarohem	atsaɾɔhɛm
acaroj	atsaɾɔj
acetilen	atsɛtilɛɾn
adresën	adresan
aelius	elius
aeroplan	ˈɛɹɔplˌɑːn
aeroplani	airoːplˈɑːnɪ
aferë	afeɾə
afrohem	afɾɔhɛm
afrohet	afɾɔhet
afroj	afrɔj
afroj	afɾɔj
aftë	aftə
aftësi	aftəsi
afër	afəɹ
afër	afəɾ
afër	ˈɑfɚd
afërt	ˈɑfɚt
ag	ag
agnes	aːgnɛs
agnesё	agnes
agostini	aːgostini
agull	aguɫ
ahmetaj	ahmeːtaj
ai	aɪ
ajazmë	ajaːzmə
ajdës	ajdəs
ajxhan	ajdʒan
ajzberg	ˈaɪzbˌɛɹg
ajër	ajər
akacie	akatsiɛ
akademi	akademi
akoma	akoma
akrep	akɾɛp
akrepi	akɾɛpi
aksident	aktsidˈɛnt
aksionist	akkionist
aksionova	akːsionˈova
akth	akθ
aktivizëm	aktivizəm
aktore	aktˈoːrə
akuarel	akwaɾel
akull	akuɫ
akullore	akuɫoɾe
akulloreshitës	akuɫoɾeʃitəs
akër	ɑːkəɾˈd
alarm	alaɾm
alarmim	alaɾmim
alarmohem	alaɾmɔhɛm
alarmoj	alaɾmɔj
albert	alˈbɛɾt
alegoria	alˌeɣoɾˈia
aleksandër	ˌaləksˈɑndər
alfa	alfˈa
alfabeti	alfabɛtɛ
alivanosem	alˈivanoːseːm
allme	aɫmɛ
alpe	alpe
ame	amɛ
amerika	ameriːkˈa
amerika	amɛɾika
amerikan	ˌɑmeˈɾɪkˌɑn
amerikane	amerikane
amerikanët	ameriˈkanaˈs
amerikë	ameɾik
amfib	amfib
amper	ˈɑmpɛɹ
amti	amti
amull	amuɫ
amulli	amuɫi
amzë	amzə
amë	aːm
amësht	aməʃt
andaj	andaj
andre	ant̪rɛ
andë	aːnd
ang	aŋg
angari	angaɾi
angazhohem	aŋgaʒoˈhɛm
anglez	ˈanglˌɛːs
angleze	angleza
angli	ˈanglˌiːv
anglisht	angliʃt
angësht	aŋgəʃt
ani	ani
anija	aniːja
anita	anita
anitë	anitə
ankth	aŋks
ankth	aŋkθ
anoj	anoi
anë	anə
ap	aːp
apeloj	apeloi
apologji	apɔlɔɟi
aq	ac
ar	aɻ˥˩
araki	aɾaki
aranit	aɾanit
araqe	arace
arashkë	aɾaːʃk
arbëreshë	aɾbəɾɛʃə
argjend	aɾɟend
ari	aɾi
ari	ɑːɾiːb
arith	aɾiθ
aritmetika	aritmeːtˈika
arixhi	aɾidʒi
arjola	areɔla
arkivol	aɹkivɔl
arkë	aɾkə
armatos	aɾmatoz
armiku	ɐɾmˈikˈu
armë	aːɾm
arne	aɾnɛ
arnë	aːɾn
arqitë	aɾcitə
arratis	aratis
arrestoj	arestoi
arrestuar	arestuaɾ
arrij	ariː
arrite	arrite
arritje	aritjɛ
arrç	artʃ
arrë	aːr
arrës	arəs
arsimoj	aɾsimɔj
arsyetoj	aɾsyɛtɔj
art	ˈɑɹt
artan	aɾtan
arti	aɾti
artit	aɾtɪd
arushan	aɾuʃan
arushë	aɾuːʃə
arë	aɾə
asbest	asbest
asgjë	asɟə
ashiqare	aʃicaɾe
ashpër	aʃpəɾ
asht	aʃt
asish	asiʃ
asllan	aslan
asnjanësoj	asɲanəsɔj
asnjeri	asɲaɾi
asnjë	asɲe
asosh	asoʃ
ata	ata
atdhe	adðe
atdhe	atðeːɾ
athinë	aθinə
athje	aθjɛ
atje	atjɛ
atmosferë	atmɔsfɛɹə
ato	ato
ato	atɔ
atë	atə
atësi	atəsi
autobus	au̯tobˈus
avash	avaʃ
avashtë	avaʃtə
avashëm	avaʃəm
avit	avit
avlli	avɫi
avokati	avokati
avokatët	avokaːtˈɔt
azgan	azgan
açugë	atʃugə
baba	baba
babai	babai
babanik	babanik
badifokë	badifokə
bafër	bafəɾ
bagolinë	bagɔliːn
bagëti	bagəti
bajram	bajɾam
bajram	bʱajɾam
bajrami	bəjˈrɑmi
bakall	bakaɫ
bakter	baktɛɹ
bakëm	bakəm
bakërt	bakəɾt
balenë	balɛnə
balkrocë	balːkɾɔts
ballgun	baɫgun
ballshi	balʃi
balluke	baɫuke
ballëbreshtëz	baɫəbɾɛʃtəz
balona	baloːna
balonë	balonə
baltë	balt
banane	banane
bandill	bandiɫ
banjat	baːɲat
banjo	baɲo
banjo	baˈɲo
banjë	baɲə
banoj	banoi
banoj	banoj
bar	baɾ
bar	bˈɑːrd
barazoj	barazˈɔj
barbana	barbana
bardhak	baɾðak
bardhan	baɾðan
bardhanë	baɾðanə
bardhavel	baɾðavel
bardhec	baɾðets
bardhok	baɾðok
bardhyl	barðyl
bardhë	baɾðə
bardhë	bˈaɾð
bardhës	baɾðəs
bari	bari
bashkim	baʃkim
bashkohem	baʃkɔhɛm
bashkoj	baʃkɔj
bashkoj	bɐʃkɔj
bashkë	baʃkə
bashkëbisedim	baʃkbisɛdim
bashkëfajtor	baʃkfajtɔɹ
bashkëfajtor	baʃkəfajtɔɹ
bashkëjetesë	baʃkəjɛtɛsə
bashkëjetoj	baʃkjɛtɔj
bashkëjetoj	baʃkəjɛtɔj
bashkëndodhi	baʃkəndɔði
bashkëngjis	baʃkənɟʑis
bashkëpunim	baʃkəpunim
bashkëtingëllor	baʃkətingəɫoɾ
bashkëtingëllore	baʃkətingəɫoɾe
bashtinë	baʃtiːn
bastard	bastˈard
bastis	bastis
bathë	baθə
baticë	batitsə
bazuar	bˈɑzuˈaɾ
bazë	baz
bdek	bdɛk
befasoj	beːfˈasˈoːj
befasues	befɑsˈues
befasuese	befˈasˈuese
beg	beg
bej	bej
bejkë	bɛːjk
bejleg	bɛlɛg
bekoj	bekoi
bekuar	bekuuaɾ
belbëzoj	belbozoj
belbëzoj	bɛlbəzɔj
belot	bɛlɔt
belsh	bɛls
belush	bɛluʃ
beqar	bɛcaɾ
berati	belati
berisha	beˈliʃa
besa	besa
beshtë	bɛːʃt
besim	bɛsim
besimi	besimim
besmir	bˈesmˈiɾ
besnik	bɛsnik
besnike	bɛsnikɛ
besoj	bɛsɔj
besoj	bˈesˌoːj
besoja	bˌesˈoja
besë	besə
beteja	betəja
betohem	beːtoːhem
betohem	bɛtɔhɛm
betoj	bɛtɔj
betë	betə
bezdis	bezdis
bezdis	bezð̞is
bezgë	bɛːzg
bicaj	biːtsae
bie	bie
bie	biɛ
bijë	bijə
bile	bilɛ
bilishti	biliːʃti
bilur	biluɾ
bilë	bilə
bilë	biʎə
bima	bjma
bimë	bim
binjakët	biɲakət
biofizika	bjofɪzˈika
biografi	bjɔʒɾafi
bioteknologji	bijɔtɛknɔlɔɟʑi
bir	biɾ
biri	biːrɖiː
birrem	birem
birrem	birɛm
bis	bis
bisedë	bisɛːd
bisedë	bisˈɛd
bishtajore	bistajɔɾe
bishë	biʃə
bizele	bizɛl
bizele	bizɛlɛ
bizhuteri	biʒutæɾiː
biznes	bɪznɛs
biznesi	biznɛsɛ
bizon	bizɔn
biçaku	bɪtʃaku
biçikletë	bitʃikletə
bjeshkë	bjɛʃkə
blasfemoj	blasfɛmoj
bledar	bledˈard
blej	blej
blej	blɛj
bleron	blɛɾɔn
bletë	bletə
bletë	blˈɛt
bletët	bˈlˈeːtət
bli	bli
blihem	blihem
blihem	blihɛm
blihem	bʎihem
blihem	bʎihɛm
bllokoj	bˈlɔkɔj
blu	blˈoː
bluaj	bluai
bobo	bɔbɔ
bodrum	bodrˈum
bodrum	bɔdɾum
bojaxhi	bɔjadʒi
bojaxhiu	boiadʒiu
bokçiu	bogtʃiu
bokë	bɔːk
bolbë	bɔːlb
boll	bɔːl
bollëk	bˈɔˈɫak
bonjë	bɔɲə
borigë	boɾiːg
boronicë	boɾonits̺
boronicë	bɔɾɔniːts
borzilok	bɔɾzilɔk
borë	bˈɔɹd
boshatis	boʃatjs
boshtër	bɔʃtəɾ
bostan	bo˥˩ːstan
bostan	bɔstan
bote	bˈoːtˈɛ
botile	potile
botoj	botɔj
botoj	bɔtɔj
botë	bɔt
botë	bɔtə
bozhure	bɔʒuɾɛ
boçëborë	bɔtʃəbɔːɾ
braktis	bˌɾaktˈis
braktisur	braktisur
bravo	bravo
brazdë	bɾazdə
bredh	bɾɛð
breg	bɾeg
bregcë	bɾektsə
bregdet	bregdet
brehem	bɹɛhɛm
brehem	bɾehem
brehem	bɾɛhɛm
brengos	brɛngɔs
brengos	bˌɾˌenˈgoːs
breshka	brɛʃka
bri	bɹiː
bri	bɹĩː
bri	bɾi
bricjap	britsiap
bricjapi	bɾitsjapi
brinar	bɾinaɾ
brokoli	broˈkɔli
brumë	brumə
brunilda	brunildaw
brushtull	bɾuʃtuɫ
brëndës	bɾəndəs
bubullin	bubuɫim
budalla	budaɫa
budallallosem	budaɫaɫɔsɛm
buj	buj
bujanoci	bˈuːjˈanˈoːtsi
bujar	bujaɾ
bujgër	bujgəɾ
bujk	bujk
bukur	bukuɾ
bukuri	bukuɾi
bukuri	bukʊɽiː
buli	buli
bulledër	buɫɛdəɾ
bullgari	bˌulgˈaɾi
bunacë	bunatsə
bunar	bunaɾ
burgos	bʊɾgɑs
burgu	burgu
burri	burji
burrnesha	burneʃa
burrë	bur
burrë	burə
bush	buʃ
busull	busuɫ
butrinti	budrˈintˈɛ
buxhak	budʒak
buxhetor	budʒɛtɔɹ
buzë	buzə
buzë	buːz
buzëmadh	buzəmað
buzëmadhe	buzəmaðe
buzëqesh	bʊzəcɛʃ
buzëqeshje	buzəcɛʃjɛ
buç	butʃ
buças	butʃas
byrek	byɾɛk
bythë	byθə
bythëkromë	byθəkɾɔːm
bytyntë	bytyntə
bâj	bɑj
bëhem	bɔhem
bëj	baj
bëj	bəj
bëllogxhi	bəɫɔ̯gdʒiː
bënj	bəɲ
bërcel	bəɾtsɛl
bërdhog	bəɾðɔg
bërllog	bəɾɫɔ̯g
bërllogxhi	bəɾɫɔgdʒi
bërryl	bəryl
bërshen	bəɾʃɛn
bërtas	bɛɾtas
c	ts
cac	tsats
caktoj	saktoj
camaj	tsaːmaj
caran	tsaɾan
carangth	tsaɾaŋθ
celebroj	selɛbːrˈˈɔj
cingali	tsingali
cinxami	tsindzami
cjap	tsjap
copëtoj	tsɔptoj
cule	tsule
cungoj	tsʊŋ˨˩goɪ˧˧
cup	tsup
curri	suːrˈi
curril	tsuril
cyle	tsyle
cërmëdell	tsəɾmədɛɫ
cërr	tsər
cërre	tsəre
d	d
dac	dats
dafinë	dafinə
dajë	dajə
dalloj	daɫoj
dalmaci	dˈaːlmatsi
dan	dan
daniel	danjɛl
daniel	danjɛɫ
daniel	daɲɛl
daniel	daɲɛɫ
daniell	danjɛɫ
daniell	daɲɛɫ
danjell	daɲɛɫ
dardhëz	daɾðəz
darkë	dˈɑɹk
dashi	daʃi
dashni	daʃni
dashuren	daʃuɾən
dashurohem	daʃuɾɔhɛm
dashuroj	daʃuɾɔj
daulle	dauɫe
daun	dˈaʊn
debitoj	debitɔj
ded	dɛːd
ded	dɛːdə
dedë	dɛdə
dedë	dɛːd
degë	dɛgə
deh	dˈɛ
dehem	dɛhɛm
deklaroj	deklarˈɔːj
delvina	dˈɛlvɪˈnˈa
dem	d̪e̞m
dembel	dɛmbɛl
demir	demiɾ
demiraj	demiraj
demokraci	dɛmɔkɾatsi
demushi	dɛmˈuʃi
departamenti	departamenti
deponoj	dˈepːonˈoɪ
depërtoj	depɛɾtɔj
depërtoj	dɛpəɾtɔj
dera	tela
derdhem	d̪eɾð̞em
deri	dɛɾi
derivate	dˌeˈɾivˈaːtˈɛ
derman	deɾman
derr	dɛr
dervishi	dɛrvʲisʲi
deshe	dɛjʃe
deshifroj	təʃifrɔj
det	dɛt
det	dˈɛt
detektiv	dedektiv
detit	dɛtiʲts
detyrën	dˈɛːtˈuːrˈən
dh	ð
dhallë	ðaːɫ
dhampir	ðampiɾ
dhe	ðe
dhen	ðɛn
dhi	ðiː
dhjatë	ðjatə
dhjetë	ðjetə
dhjetë	ðjɛtə
dhjetë	ðɛt
dhoma	zoma
dhuratë	ðuɾatə
dhëmbët	ðˈambət
dhëna	ðana
dhëndër	ðəndəɾ
dhëndërr	ðəndər
di	di
di	dˈi
dihat	dihat
dihet	dihet
dihet	dihɛt
dij	d̪iː
dijës	dijəs
diktator	diktatˈoːr
diktatura	diktatura
diktoj	diktɔj
diktoj	tiktoj
dimra	dimra
dimrit	dimrit
dimër	dˈimˈɚd
din	din
dinamika	dɪnamika
dinin	diːnin
dinjitet	diɲitɛt
dinte	diːntɛ
dinë	din
direkt	djɾˈɛkt
diskutoj	diskutoj
distanca	dɪstˈantsa
ditë	dˈit
ditësh	dˈitəʃ
dizinfektues	dizinfɛktues
djall	djaɫ
djall	djˈɑl
djalë	djalə
djersij	djeɾsij
dobi	dɔbi
dod	dɔːd
dod	dɔːdə
dodaj	doːdaj
dodaj	doːdaɲ
dodaj	doːdaɲi
dodë	doːd
dodë	doːdə
dodë	dɔːd
dodë	dɔːdə
dola	dola
doli	do˩˥ːlʲi
dollar	dˌɔlˈaɹ
dolli	doɫi
dollma	oɫma
dolëm	tɔlˈɛm
domethënë	domeθənə
domosdoshëm	dɔmɔsdɔʃəm
donikë	dɔniːk
donim	donim
doracak	dɔratsaku
doracak	dɔratsaːku
doracak	dɔɾatsak
dorashkat	dɔraəʃkat
doreza	dɔriza
dorë	dɔɹ
dorë	dɔɾə
dorë	dˈɔɹ
dorëzohem	dɔɹzɔhɛm
dorëzohem	dɔɹəzɔhɛm
dosje	dˈɔsjɛ
dragoit	drakɔjt
drama	drama
dredhëz	dɾɛðəz
drejt	dɾɛjt
drejtimin	grejtimin
drejton	dˌɾˌeitˈˈon
drejtori	drˈeitˈorˈi
dren	brˈɛn
dreq	dɾɛcɕ
dreq	dɾɛtɕ
dridhem	dɾiðɛm
drini	dˈrɪmɪ
drita	drita
dritan	dɾitan
dritare	dritˈare
dritare	dɾitaɾɛ
dritarja	dɾɪtaːria
drizë	dɾiːz
drokth	dɾɔkθ
dru	dru
duaj	duaj
duar	dˈuaɾ
duhan	duhan
duhet	duhet
duhet	duhˈeːt
duhi	duhi
duken	doːkˈɛn
dukeni	dukɛnɪ
dukshëm	dukʃəm
durrës	durəs
dush	duʃ
dushanovë	duʃanov
dushk	duʃk
dushku	duʂku
dushkull	duʃkuɫ
dushman	duʃman
dy	dy
dygjuhësi	dyɟʑuhəsi
dymbëdhjetë	dymbəðjɛtə
dyrrah	dyrah
dyshimi	dɔʃimi
dyshoj	dˈyʃˈɔj
dyshuar	dy˨˩ʃu˥˩aɻ˥˩
dyzet	dyzet
dyzetedy	dyzɛtɛdy
dyzetegjashtë	dyzɛtɛɟʑaʃtə
dyzetekatër	dyzɛtɛkatəɹ
dyzetenjë	dyzɛtɛɲə
dyzetenëntë	dyzɛtɛnəntə
dyzetepesë	dyzɛtɛpɛsə
dyzeteshtatë	dyzɛtɛʃtatə
dyzetetetë	dyzɛtɛtɛtə
dyzetetre	dyzɛtɛtɾɛ
dëfrej	dəfɾɛj
dëftohem	dəftɔhɛm
dëftor	dəftɔɹ
dëftor	dəftɔɾ
dëftore	dəftɔɹe
dëftore	dəftɔɾe
dëgjoj	dəɟoj
dëllinjë	dəɫiːɲ
dëmtoj	dəmtɔj
dëmtoj	tamtɔj
dënuar	dˈə-nˈuaʁ
dërgoj	dəɾgɔj
dërgoj	ðəɾgɔj
dëshira	dˈəʃiːɾˈa
dëshiror	dəʃiɹɔɹ
dëshiror	dəʃiɾɔɾ
dëshirore	dəʃiɹɔɹe
dëshirore	dəʃiɾɔɾe
dëshirë	dəʃiɾə
dëshmi	dˈəʃmˈi
dëshmor	dəʃmɔːr
dështim	dəʃtim
eci	ɛtsi
ecur	etsu
ed'hem	ɛdhɛm
edema	edema
edhe	eðe
edhem	ɛdhɛm
edrene	edrˈɛne
edukoj	edukɔj
edëhem	edəhɛm
egnatia	egˈnaːtja
ekipi	ekipi
ekologji	ɛkɔlɔɟʑi
eksperimentoj	ekspeɾimentoi
ekspozoj	eksposɔj
ekzekutoj	ɛksekutɔj
elb	ɛlb
elbasani	ælbasani
elektroteknika	elˈɛktˈrˈoteknika
eliminoj	elˈimˈinɔj
elion	ɛliɔn
eliona	ɛlioːna
elionë	ɛlioːnə
eljon	ɛljɔn
eljona	ɛljoːna
eljonë	ɛljoːnə
elokuencë	elokuentsə
emigroj	ɛmigrɔj
emini	emini
emra	ɛːmɾa
emtë	ɛmtə
emër	ɛməɾ
en	ɛɲ
en	ɛɲi
energjik	ɛnɛɾɟik
engjëllike	ɛnɟəɫikɛ
epidemia	epidɔmjˈa
epshor	ɛpʃɔɹ
epshëm	ɛpʃəm
erdhëm	ɛɾðɔm
ereksion	ɛɾɛksiɔn
erion	ɛɾiɔn
eriona	ɛɾioːna
erionë	ɛɾioːnə
erjon	ɛɾjɔn
erjona	ɛɾjoːna
erjonë	ɛɾjoːnə
ermal	ˈɛɾmˈal
erseka	ˈɛɾsˈɛkˈa
erë	eɾə
erëjona	eɾəjoːna
erëjonë	eɾəjoːnə
eshtë	ɛʃtər
estetika	estetika
et'hem	ɛthɛm
ethe	hɛθɛ
ethe	ɛθɛ
ethem	ɛthɛm
ethem	ɛ̀tɛm
etika	etika
etëhem	etəhɛm
fabrikoj	fˌabɹikˈoɪ
fabrikë	fabɾikə
facoletë	fatsoletə
faculetë	fatsuletə
faj	faj
faj	fˈaɪ
faji	faj
fajkua	fajkuɐ
fajtor	fajtoɾ
fajësi	fajəsi
fajësoj	fajsoj
fakti	faktɨ
faktikisht	faktiˈkiʃt
fakulltet	fakuɫtet
fal	fal
falas	falˈas
falem	faːlˈɛm
faleminderit	falemindeɾit
faleminderit	falemndeɾit
falenderim	falˈɛnˈtˈeɾim
falimentoj	falimentoi
falja	fˈalia
falje	falie
fall	faɫ
falltar	faltˈaɾ
faltore	faltɔɾɛ
fan	fan˨˩
fanellë	faneɫə
fantazist	fantazist
faqe	face
fare	faɾɛ
farë	faɾə
fasule	fasulˈe
fati	fati
fatime	fatimɛ
fatjon	fatjɔn
fatkeqësi	fatkɛcɕəsi
fatndjekës	fatndjekəs
fatos	fatɔs
fe	fɛ
femër	fɛməɹ
femër	fˈæmɚ
ferizaj	fɛɾɪzai
fermë	fˈɛɹm
ferr	fˈɛr
ferrëkuqe	ferəkuce
ferrëmanzë	fɛrəmanzə
festa	fˈɛsta
festën	feston
fidhës	fiðəs
fier	fˈɪɹ
figurative	fˈˈɛguɾˈaˈtivˈɛ
fik	fˈik
fike	fika
fil	fil
filip	fˈiːlˌɪp
fill	fiɫ̪
filloj	filoj
fillosh	filoʃ
fillova	fjlova
filluan	filuan
film	fˈilm
filma	fˈilma
filmi	fˈɪlm
filmin	fˈiːlmˈɪn
filozofia	filozoffia
filtroj	fˈɪltrˈɔj
filxhan	fildʒan
finale	finˈale
finiqi	finiʃi
finoku	finokum
fiskulturë	fiskʊltˈuːr
fistik	fistik
fitoi	fito˩˥ːi˥˩
fitore	fˈiːtˈˈoːrə
fitova	fˈitoːva
fitove	fitove
fizika	fizˈika
fizikë	fizikə
fizikë	fizˈik
fjalë	fjalə
flak	flˈak
flakë	flˈɑːk
flamur	flamur
flamur	flamuɹ
flamurit	flamurˈɪdt
flamurtar	flamuɾtaɾ
flamurë	flamuɾ
flas	flas
flas	flˈas
flesh	flˈæʃ
flet	flˈɛt
fletë	fletə
flihet	flihet
flihet	flihɛt
flihet	fʎihet
flihet	fʎihɛt
flihet	fʎəhɛt
flijohem	flijɔhem
flijoj	flijɔj
flisni	pliːsni
fliste	flʲiste
fllad	fɫad
floke	flˈɔk
florentino	flˈoːrinˈtˈiːnoː
flutur	flˈuːtˌuːɾ
fola	fˈɔla
fole	foːlˈeː
fora	foɾa
forcë	fɔɾtsə
forcën	fˈɔɹtsən
formoj	fɚmˈɔj
fort	fˈɔɹt
forta	fˈɔɹtˌa
fortesa	fɔrtɛsa
fortë	fˈɔɹt
foto	fˈɔto
fotografoj	fˈɔtʊgɾˈafɔj
fotosinteza	fotɔsintɛzɔ
frak	frak
francez	frˌantsˈɛz
franceze	frantsˈeze
frashër	fɾaʃəɾ
frashërishtë	fɾaʃəɾiʃtə
frashërt	fraʃəɾt
frekuentoj	fˈrˌekwˌɛntˈɔj
frenat	frɛjnat
frenoj	fˈɾˈɛnˈɔj
frika	frika
frikacak	fɾˈɪkasak
frikshme	frikʃmɛ
frikë	fɾikə
fror	fɾɔɾ
fryfq	frʏftɕ
fryhem	fryhɛm
frymëmarrje	fɾyməmarjɛ
frymëzoj	fɾyməzɔj
fryt	fɾyt
fsheh	fʃeːh
fshihem	fʃihem
fshihet	fʃiːhæt
ftohem	ftohem
ftohtësi	ftɔhtəsi
ftoj	ftoj
ftua	ftua
ftuar	fˈtuːˈɑːl
fugë	fugə
fundin	fˈundɪn
funksionoj	funktionˈoːlˈ
funksionojë	fʊŋksjɔːnɔːjˈ
fuqia	fuzia
fuqishëm	fuciʃəm
furçë	fuːɾtʃ
fus	fˈɔs
fushatë	fuʃatə
fushën	fʊʃɔn
fustan	fustan
fut	fˈud
fute	fute
futem	futˈɐm
futur	futːɔɾ
fyej	fyˀˈɛ
fyelltar	fyeɫtaɾ
fyt	fyt
fyt	fˈyːt
fytyrë	fytyɹə
fëmijë	fəmijə
fërgoj	fɔrˈgɔj
fërkoj	fəɾkɔj
gabime	gabime
gaboj	kaˈbɔːə
gabzherr	gabʒɛr
gadishull	gadiʃuɫ
gajdhur	gajðuɾ
gajtan	gajtan
gajushë	gajuʃ
gak	gak
gakth	gakθ
galenus	ɣ̞alenos
galë	gaːl
ganec	ganɛts
gara	gaːraː
garantoj	garantɔj
garazh	gaɾaʒ
garazh	ɣaɾaʒ
gardh	gaɾð
gatopard	gatopˈaɾtʊ
gatë	gatə
gazeta	gazeta
gaztor	gaztɔɾ
gdhendës	gðendəs
gdhendëse	gðendəsɛ
gegnishte	gɛgniʃte
gegnishte	gɛgəniʃte
gegërishte	gɛgəɾiʃte
gegët	gɛgɔt
gejzeri	gɛjzæɾiː
genc	gents
genc	gɛns
gisht	gist
gishtat	gistat
gishtin	gistin
gj	ɟ
gjak	ak
gjakova	dʑakɔva
gjanë	ɟanə
gjarpër	ɟaɾpəɾ
gjashtë	ɟaʃtə
gjashtëdhjetedy	ɟaʃtəðjɛtɛdy
gjashtëdhjetegjashtë	ɟaʃtəðjɛtɛɟaʃtə
gjashtëdhjetekatër	ɟʑaʃtəðjɛtɛkatəɹ
gjashtëdhjetenjë	ɟʑaʃtəðjɛtɛɲə
gjashtëdhjetenëntë	ɟʑaʃtəðjɛtɛnəntə
gjashtëdhjetepesë	ɟʑaʃtəðjɛtɛpɛsə
gjashtëdhjeteshtatë	ɟʑaʃtəðjɛtɛʃtatə
gjashtëdhjetetetë	ɟʑaʃtəðjɛtɛtɛtə
gjashtëdhjetetre	ɟʑaʃtəðjɛtɛtɾɛ
gjashtëdhjetë	ɟaʃtəðjɛtə
gjashtëkëndësh	ɟaʃtəkəndəʃ
gjashtëmbëdhjetë	ɟʑaʃtəmbəðjɛtə
gjej	ɟɛj
gjekë	ɟekə
gjelbër	ɟɛlbəɾ
gjendem	dʑɛndɛm
gjenetikë	ɟenetikə
gjerdan	ɟeɾdan
gjerë	ɟɛɾə
gjeth	ɟeθ
gjezdis	ɟezdis
gjeçov	dʑɛtʂɔv
gjikë	ɟikə
gjilani	gilani
gjilpërë	ɟilpəɾə
gjilpërë	ɟʑɪlpəɹ
gjini	ɟini
gjiriz	ɟiɾiz
gjirokastër	ɟʝiɾɔkastəɾ
gjitar	ɟʑitaɹ
gjithësi	ɟiθəsi
gjobë	ɟɔːb
gjoks	ɟɔks
gjokë	ɟokə
gjol	ɟol
gjon	xɔn
gju	gjũː
gju	gjũˑnɪ
gju	gjʊ̃j
gju	ɟu
gjuha	ɟuha
gjuhe	ɟuhe
gjuhë	gjuhɘ
gjuhë	gljuxə
gjuhë	gʎuxə
gjuhë	ɟuhə
gjuhën	ɟuhən
gjuhës	ɟuhəs
gjuhësh	ɟuhəʃ
gjuhësi	ɟuhəsi
gjuhët	ɟuhət
gjuhëtar	ɟuhətaɾ
gjuhëve	ɟuhəve
gjuhëvet	ɟuhəvet
gjukë	ɟukə
gjumë	ɟumə
gjykatë	ɟykaːt
gjykoj	ɟykɔj
gjylpanë	ɟilpəɾə
gjylpanë	ɟɪlpəɹ
gjymtyrë	ɟymtyɾ
gjynaf	ɟynaf
gjynah	ɟynah
gjyq	ɟyc
gjysh	ɟyʃ
gjyshet	yʃet
gjysmë	ɟysmə
gjysëm	ɟysəm
gjë	ɟə
gjëlpërë	ɟilpəɾə
gjëlpërë	ɟʑɪlpəɹ
gljuhë	gljuxə
gljuhë	gʎuxə
gljuhë	ɟuhə
gllog	gɫog
gobellë	gɔbɛːɫ
godet	gˈˈodˈˈetː
godit	ɣ̞od̪it̪
godite	gˈodˈite
gojë	gojə
gojë	gɔj
gomar	gɔmaɾ
gomar	gˈomˈarˈ
gomë	gomə
gomë	gˈoːm
gore	goɾe
goren	goɾen
gorricë	gɔritsə
gostivari	gˈostɪvˈˈaːri
gota	gˈota
gotë	gotə
gozhdë	gɔːʒd
gozhup	gɔʒup
grabit	glˈabˌit
grabit	gɾabit
grabofç	gɾabɔftʃ
grabë	grabə
gradencë	gɾadentsə
gradinar	gɾadinaɾ
gradinë	gɾadinə
grafik	gɹafik
grafulloj	gɾafuɫɔj
gramatikan	gɾamatikan
gramatikisht	gɾamatikiʃt
gramatikor	gɾamatikɔɹ
gramatikë	gɾamatikə
greminë	ɣ̞ɾemin
gresë	gɾɛːs
grevist	gɾevist
grevë	gɾevə
gri	gri
grigjë	gɾiːɟ
grij	gɹiː
grikëll	gɾikəɫ
grimcoj	gɾimtsoj
grimcuar	gɾimtsuaɾ
grimcë	gɾimtsə
grimë	gɾimə
grindem	grˈindəm
gris	gɹˈiʃ
gropos	gropos
grosh	grɔʃ
grumbulloj	gɾumbuɫoj
grup	klˈuːp
grurë	gɾuɾə
grushtoj	gɾuʃtoj
grûnë	gɹũnə
grûnë	gɾũnə
guf	guf
gufoj	gufoj
gur	gˈuɹ
guri	guri
guxoj	guzzɔj
gzim	gzim
gëlltit	gəɫtit
gëlqere	gəlceɾe
gënjej	gəɲɛj
gërbellë	gəɾbɛːɫ
gërdit	gərdit
gërfyell	gəɾfyɛɫ
gërhas	gəɾhas
gërmoj	gˈʊɾmɔj
gërnetë	gəɾnɛːt
gërrec	gərɛts
gështenjë	gəʃtɛːɲə
gëzohem	gəzɔhem
gëzoj	gəzɔj
ha	ha
ha	hla
habit	habit
habit	ħabit
habitor	habitɔɹ
habitor	habitɔɾ
habitore	habitɔɹe
habitore	habitɔɾe
hajdar	hajdaɾ
hajdut	ajdut
hajdut	hajdut
haje	hˈɑːjə
hajgare	hajgaɾe
hajger	hajgeɾ
hajn	hajn
hajneshë	hajneʃə
hajni	hajni
hajnisht	hajniʃt
hajnjeri	hajɲeɾi
hall	haɫ
hallakat	haɫakat
hallë	haɫə
halë	haːl
hamam	hamam
hamdi	hamte
han	tsʰan˥˩
hap	ap
hapem	apːɛm
hapet	hˈɑpˌit
hapim	apim
hapjen	apjɛn
hapni	apni
harmoç	haɾmɔtʃ
harr	har
harrohem	jaroːhˈem
harroj	haroj
harroj	harɔj
harrove	jarove
harrueshëm	haruɛʃəm
harta	hˈartˈa
hartinë	haɾtiːn
harxh	haɾdʒ
has	hˈɑs
hash	hɑːʃ
hatemja	atɛmja
hatër	hatəɾ
havlli	hɑvɫi
haxhiademi	hadʒiadeːmim
haxhiu	adʒiu
heci	hetsi
heci	hɛtsi
hedhim	heðim
hedhësh	heðəʃ
hegjemon	heɟemon
hekuros	hekʊɾos
helikopter	hˌɛlɪkˈɔptˌeːˈɑːr
helmoj	helmɔj
helmoj	helmˈɔj
hemoglobina	hemoglobina
herdhe	hɛɾðɛ
herdhesh	hɛɾðɛʃ
herdhet	hɛɾðɛt
herdheve	hɛɾðɛvɛ
heroi	heˈɾɔːi
herr	hɛr
hesull	hesuɫ
hetoj	hetɔj
hidajet	hidajɛt
hide	hidɛ
hidhërohem	hiðəɾɔhɛm
himara	imˈaɾˈɑ
himarë	hˈimˈɑɹd
hip	çiːp
hipi	tipi
hipoteza	ipoteza
hir	hiːɾ
hir	hˈɪɹd
hirrë	hirə
histori	histoɾj
historia	histoɾia
historia	ist̪oɾia
hithër	hˈiθɚ
hithës	hiθəs
hiç	hitʃ
hjidhi	hjiði
hotel	hɔtɛl
hotel	hˈɔtˈɛl
hoteli	hoˈtɛli
hov	hoːv
hoxhë	hodʒə
humbe	hˈumbˈe
humbje	huŋbjɛ
humbur	hˈumbˈuːr
humbëm	hˈumbəm
hundë	hˈʊnt
hurma	hulmˈa
hyj	hyj
hyj	hˈy
hyjnor	hyjnɔɾ
hyllas	hyɫas
hyllos	hyɫɔs
hyn	hˈyn
hysh	hɵʃ
hënën	hɑːnən
ideja	idˈeja
identifikoj	idˈɛntɪfikoj
idiote	idjote
igli	igle
iguana	igwana
iki	iki
iki	ikː
ikin	iːkən
iku	ikoɯ
ikur	ikuɾ
ilaç	ilatʃ
ilirida	ilrˈida
ilirolog	ilirolog
ilirologji	ilirolog
ilqe	ilcɛ
im	imˈ
imagjinatë	imaɟʑinatə
imagjinueshëm	imaɟʑinuɛʃəm
imam	imam
ime	iːmæ
imeri	imˈeɪɹi
imi	imi
imi	imj
imitoj	imitˈoj
imponoj	imponoi
imzot	imzɑt
incizim	intsizim
incizoj	intsizoj
incizoj	intʃɪˈzɔj
indinjohem	ˈɪndɪnjˈɔɹhˈɛm
indinjoj	ɪnˈdiːɲɔj
individ	inˈdˈivˈid
informoj	ɪnfˈɔɹmˈɔj
injoroj	iɲɔroj
institucion	institutsion
integrale	integrˈale
inteligjencë	intɛliɟɛntsə
inteligjent	intɛliɟɛnt
interes	intɛrɛs
interesant	intˈɛrɛsant
interesante	interessante
interesi	inteˈrˈesˈsi
internet	ˈintɚnˌɛt
investoj	investoi
inxhinier	indʒinjeɾ
ironia	jˈɾˈɔnia
isha	iʃa
ishe	iʃɛ
ishim	iʃim
ishin	iʃin
ishit	iʃit
ishte	iʃtɛ
islam	ɪslˈɑm
itali	italii
italian	italiˈan
italiane	italjˈane
izabetë	izabetə
izraelit	izrˈaelˈit
jabllanica	jˈabɫanʲitsa
jakup	jakup
jakupi	jakupi
jakë	jakə
jam	jam
jamarbër	jamaɾbəɾ
janar	janˈ˩aːr˥˩
janë	janə
janë	jˈɑːn
jap	jaːp
jap	jˈɑːp
japim	ja˥˩pim
japoni	japoni
jargavan	jaɾgavan
jasemi	jˈɑːsˈɛmˈi
jasemin	jasemin
jashtëzakonisht	jaʃtəzakɔniʃt
jasin	jɑsin
javën	javɛn
javës	javɛs
je	jɛ
je	jˈe
jelek	jeˈlæk
jemi	jɛmi
jeni	jɛni
jenë	jɛnə
jenë	jˈɛn
jerevi	jeɾevi
jermësinë	jɛɾməsiːn
jeshile	jeʃile
jetmir	jˈɛtmiːr
jetoni	jɛtɔnɛ
jetët	je˩˥ːtɔt
jevg	jevg
jevgjit	jevɟit
ji	ji
jini	jini
jo	jɔ
jona	jona
jonis	ionis
jorgan	jɔɾgan
josef	joːsəf
josef	joːsɛf
joz	joːz
joz	joːzə
jozef	joːzəf
jozef	joːzɛf
jozë	joːz
jozë	joːzə
ju	ju
juaj	juaj
jud	jud
jug	ljug
jugor	jugɔɾ
jugut	juːgʊd
ka	kaː
kacadre	katsadɾe
kacaturrë	katsaturə
kaci	katsi
kadaif	kadaʲif
kadife	kadife
kadër	kadəɾ
kafaz	kafaz
kafeina	kapˈeːiːnˈa
kafkë	kafkə
kafshatë	kafʃatə
kafshoj	kafʃɔj
kafshë	kafʃ
kafshë	kafʃə
kafshët	kafʃɨt
kakarriq	kakarjtʃ
kaki	kakʲi
kaktusi	kaktuʂi
kala	kala
kalamend	kalamɛnd
kalendar	kˌɑləndˈɑːɾ
kalit	kˈalit
kallamboq	kaɫamboc
kallami	kalaːmi
kallcë	kaɫtsə
kallume	kaɫume
kallëzore	kaɫəzoɾe
kalove	kalove
kaluarën	kaluaɾlən
kalë	kalə
kam	kɒm
kamatë	kamaːt
kamenicë	kamenits
kamera	kämera
kamerat	kalmeɾat
kamion	kamˈion
kamp	kɑːmp
kampion	kampion
kamëz	kamas
kanarinë	kanaɾin
kanat	kanat
kanavacë	kanavaːts
kangur	kanguɾt
kap	kɑːp
kapak	kapak
kapardisem	kapaɾdisem
kapele	kapˈɛle
kapeni	kapene
kapi	kaːpi
kapiten	kapiten
kaproll	kapɾɔɫ
kapter	kapteɾ
kapuçi	kaputʃɨ
karabatak	kaɾabatak
karafil	kaɾafil
karamele	karameːlˈe
karficë	kaɾfitsə
karikatura	kaɾikatˈuɾa
karikaturat	karikatˈuːrad
karkalec	kaɾkalɛts
karotë	kaɾot
karpë	karpə
karrige	karige
karton	kartoŋ
kasnec	kasnɛts
kastravec	kastravʲæts
kastravec	kastɾavɛts
kastrioti	kastriˈoti
kastriotët	kastriːɔtɔt
katedrale	katedrˈale
katedralet	katədɾˈalet
katet	kaːtˈet
katër	katəɾ
katërmbëdhjetë	katəɾmbəðjɛtə
katërt	katɛrt
kavajë	kavaj
kazermë	kazeɾmə
kaçavidë	katʃavidə
kaçkavall	katʃkavaɫ
kaçubet	katʃubɛt
kaçubë	katʃuːb
kaçurrel	katʃurɛl
kaçërotë	käcɕəɹɔːtə
kaçërotë	käcəɹɔːtə
kaçërotë	kätɕəɹɔːt
kaçërotë	kätʃəɹɔːtə
kaçërotë	käɕəɹɔːtə
kaçërotë	käʃəɹɔːtə
kepa	keːpa
kepë	keːpə
keq	kec
keqardhje	kɛcɕaɾðjɛ
keqardhës	kɛcɕaɾðəs
keqe	kɛcɕɛ
keqkuptoj	kɛcɕkuptɔj
kic	kits
kica	kitsa
kij	kij
kikirik	kikiɾik
kikirrikë	kikirikə
kinema	kinemɛm
kinematika	kinematika
kinez	kines
kinë	kɪn
kisha	kˈiʃɑ
kishat	kʲiːʃat
kishë	kiːʃ
kjo	kjo
kjo	kjɔ
klasë	klˈas
klaudius	klaʊtius
klm	kələmə
klosi	kloski
klubi	lˈubi
klumësht	kluməʃt
klumështi	kluməʃti
koala	koala
koalë	koˈal
kob	kɔb
kodi	ko˩˥ːdi
kodin	kodˈin
kodër	kodəɾ
kodër	kɔːdər
koftor	koftoɾ
koha	kaha
koja	kˈɔja
kok	kok
kokoreci	kokoratsʲi
kokës	kɔkɔs
kolaudoj	kolaudoj
kollogjonë	koɫoɟonə
kolltuk	koɫtuk
komandanti	komandantˈi
komandoj	komandˈoj
kometa	kometˈɑ
komodinë	kˈomodiːn
kompani	kompanj
kompanisë	kompanˈiʃ
kompensoj	kompessoj
kompiloj	kompiloi
kompjuter	kompjuteɾ
kompjuter	kompjˈutɚ
kompjuterik	kompjuteɾik
komplet	komplˈɛt
komplikuar	komplikuaɾ
kompozoj	kompozoi
komunikoj	kɔmunikɔj
komunikoj	kˌomˌʊnɪkˈɔj
konispoli	konnispɔlɪ
konopishtë	konopiʃtə
konsideroj	konsiderˈˈoɪ
konsumoj	konsumɔj
kontakt	kɔntˈakt
kontinent	kont̪inənt
kontraktoj	kontraktɔj
kontratë	kontraːt
kontribuoj	kˌontɹibʊˈɔj
kontroll	kontrˈoʎ
kontrollo	kontrolo
kontrollon	kontrolon
kontrolloni	kontrolo˩˥ːni˩˥ː
konvertoj	konveɾt̪ɔj
kopliku	koːpliːku
kopsit	kɔpsiːt
kopër	kɔpəɾ
korb	kɔrb
korb	kɔɾb
kordhë	kɔːɾð
korit	kɔɾit
korp	kɔrp
korrik	kɔrik
korruptoj	kɔrˈuːptɔj
korça	kɔrtʃɑ
korçë	kˈɔɹtʃ
kos	kɔs
kosovë	kɔ̃sˈov
kostum	kostum
kosë	kɔːs
kot	kɑt
kotele	kotˈɛlˈlˈe
kozmologjia	kozmologia
kozmos	koˈzmos
krahasohem	kɾahasɔhɛm
krahasoj	kɾahasɔj
krasniqi	krasniːtʃi
krasta	kraːsta
krejtësisht	kɾɛjtəsiʃt
krejtësisht	kɾɛjtɛsˈiʃt
krekë	kɾɛːk
krem	kɾˈɛm
kremi	krimi
kremit	kɾɛjmiːt
kremra	kremra
kremte	kɾɛmtɛ
kremtoj	krmtoj
kreshmë	kɾɛʃmə
kreshnik	kɾɛʃnik
krevat	krɛvaːt
krifshë	kɾiːfʃ
krihem	kriːhem
krijoj	krioj
krijoj	kɾiːjɔj
krim	kɹˈim
krimb	kɾimb
kriminel	krimiːnˈɛl
krimit	krimit
krip	xrip
kripë	kɾip
krisogajtan	kɾisogajtan
kruaj	kruai
kruhem	kruːhˈæm
kruja	klˈuːja
kruma	klˈuːma
krushkamadh	kɾuʃkamað
krushkaparë	kɾuʃkapaɾə
krye	kɾyɛ
kryej	kreʁj
kryej	kɾyɛj
kryekapter	kɾyekapteɾ
kryetar	kɾyetaɾ
kryqëzatë	kɾycɕəzatə
kthehem	kθehem
kthej	kθej
kthesh	kvɛʃ
kthetër	kθɛtɚ
kthinë	kθinə
kthjelloj	kθjɛɫɔj
kuajt	kuaʝt
kuarc	kwaɾts
kudër	kudəɾ
kudër	kuːdəɹ
kujdesem	kuidɛsɛm
kujdestar	kujdɛstaɾ
kujtim	kujtim
kujtoj	kujtɔj
kujtoj	kustˈɔj
kukudh	kukuð
kukumalkë	kukumalkə
kukës	kukus
kukësi	kuksi
kulla	kˈuɫa
kullumbri	kuɫumbɾi
kultivoj	kult̪jboːj
kultura	kultura
kulturë	kultuɾə
kultër	kultəɾ
kunat	kunat
kundër	kundəɾ
kundërshtoj	kundəɾʃtɔj
kundërthem	kundəɾθɛm
kungatë	kungatə
kungoj	kuŋgɔj
kunupicë	kunupitsə
kuptim	kuptim
kuptoj	kʊptˈoj
kuqe	kutʃe
kurban	kuɾban
kurdistani	kʊrdiztani
kurorë	kuɾoːɾə
kurriz	kuriz
kurse	kursa
kursej	kursˈeɪ
kurth	kˈuɾs
kurvë	kuːɾv
kush	kˈuʃ
kushtoj	kuʃtoj
kushton	uʃtɔn
kushtor	kuʃtɔɹ
kushtor	kuʃtɔɾ
kushtore	kuʃtɔɾe
kushtrim	kuʃtrim
kushtrim	kuʃtɾim
kut	kut
kutinë	kutin
kuvend	kuvɛnd
kuvendi	kuvendi
kuçedër	kutʃɛdəɾ
ky	ky
ky	kˈy
kyç	kytʃ
kyç	kʏtʃ
këllk	kəɫk
këmbej	kəmbɛj
këmbë	kəmbə
këna	kəna
kënaq	kənacɕ
kënaqem	kənacɕɛm
kënaqësi	kənacəsi
kënd	kand
këndoj	kəndɔj
këngë	kəngə
këpucë	kəputsə
këpus	kəpus
këpushë	kəpuʃə
këput	kaput
këput	kəput
këputë	kəputə
këqij	kəcɕiɲ
këqija	kəcija
kërce	kəɾtsən
kërkoj	kɔɾkɔj
kërkosh	kɛrkɔʃ
kërraba	krˈaba
kërthi	kəɾθi
këtij	kətij
këtu	katu
këtu	kətu
këtë	kətə
lacë	laːts
lafshë	lafʃə
lagem	lˈɑgɛm
lagë	lagə
lagësht	lagəʃt
lagët	lagət
lahem	laːhˈem
lahutar	lahutaɾ
lahutë	lahutə
lajm	lajm
lajthi	lajθi
lajthit	lajθit
lajtmotiv	lajtmˈotiv
lakmi	lakmi
lakra	glˈakɾa
lakrame	lakɾamˈen
lakror	lakɾoɾ
lakror	lakɾˈˈoːr
lakuriqësi	lakuɾicəsi
lakër	lakəɾ
lakër	lˈakɚ
langua	languɛ
lapsi	laˈpsi
lar	laɾ
laraskë	laɾask
larg	laɾg
larg	lˈaːɹk
largohem	laːɾˈgohˈɛm
largoj	laɾˈgoˈj
largoje	laɾgˈoːjə
largua	largua
lartë	lˈɑːɾt
larva	laɹva
lasgush	lazgˈuʃ
lashtë	laʃtə
lavd	lavd
lavdi	labti
lavdëroj	lavdɔroj
leh	lˈɛ
lehte	lˈɛxtə
lehtë	lehtə
lehtë	lˈɛrtə
lehtësoj	lɛhtəsɔj
leida	lɛjda
lejen	lˈeːjən
lejon	leˌɪoˌn
lejuar	lˈeɪjˈuˈɑɹ
lek	lek
leksikologji	lɛksikɔlɔɟʑi
lekë	lekə
lenjani	leɲˈani
leonardo	leʊnardɔ
lepuri	lɛpʊɾiː
letra	lˈetra
letrat	lətɾat
letër	lɛtəɾ
leverdis	lebɛɾtjs
lexim	lɛdzim
lexoj	lɛdzɔj
lexueshëm	lɛdzuɛʃəm
lezetshme	lɛzɛtʃme
lezha	lˈeʒa
lezhë	lɛʒ
libra	libra
librari	libɾaɾi
librat	lˈibrat
librazhd	libɾazd
libri	libːli
libër	libəɾ
lidhja	lˈiðiːa
lidhje	liːðjɛ
lidhor	liːðɔɹ
lidhor	liːðɔɾ
lidhore	liːðɔɹe
lidhore	liːðɔɾe
lidhës	liːðəs
ligare	liɣaɾe
lija	lia
likenet	likˈɛnɛt
limon	limˈon
lind	lˈɪnd
linda	lˈɪnda
lindje	lindjɛ
lindje	lindɛ
lindor	lindɔɾ
linjë	liɲə
lipjan	lˈipːˈian
liqen	licɛn
liqeni	litʃenˈiː
liri	liɽiː
lirohem	ljɾɑhem
liroj	lˈiɹˌoɪ
lirë	lˈiɹd
lis	lis
lis	lˈis
listë	list
listën	lˈistən
litar	litaɾ
livadh	livaz
livadh	livað
liza	lizˈa
ll	ɫ
llaf	ɫaf
llak	lak
lleshi	ɫˈʃˈi
llogari	logaɾi
llogore	ɫogoɾe
lloj	ɫɔj
llokum	ɫokum
llokume	ɫokume
loja	loja
lojtar	lojtaɾ
lojë	lˈɔj
lokal	lˈokˈal
londër	lˈɔndoɾ
lopatë	lɔpaːt
lopë	lop
lopë	lɔpə
lorena	loɾena
lot	lˈɔt
lotoj	latˈoj
luadh	luað
luaj	luaj
luaj	lua̞j
lubi	lubi
luftoj	duftɔj
luftoj	luftɔj
luftojm	luftojm
lufton	luftˈɑn
luftosh	lufttɔʃ
luftë	luftə
luftë	lˈʊft
luftëtari	luftotaːri
luginë	luginə
lugë	lˈuːg
lulelakër	lulɛlɑkɛr
luleshitës	luleʃitəs
luleshqiponjë	luleʃcipoɲə
luleshtrydhe	luleʃtriðe
lulja	lulia
lulëzoj	lulzɔj
lumarak	lumaɾak
lumi	lˈumˈi
lumit	lumˈit
lumth	lumθ
lumtur	lˈumtˈuːr
lundroj	lˈˈunˈdˈrˈɔj
lungë	luŋgə
lus	lus
lus	ʎut
lus	ʎʊs
lushnja	lutɲa
lustroj	lʊztroj
lut	lus
lut	lut
lut	lˈɔt
lut	ʎut
lut	ʎʊs
lutemi	luːtɛmiː
lutjesore	lutjɛsoːrɛ
lyej	lʏɛj
lyerës	lyːɛrəs
lyerëse	lyːɛrəsɛ
lyhem	lˈyːhˈæm
lylc	ʎyʎts
lylë	lylə
lyp	lyp
lë	la
lëkurë	ləkuɾə
lëndim	ləndim
lëndinë	ləndiːn
lëpij	ləpij
lëshoj	lˈɛʃɔj
lëshuar	ləʃuaʁ
lëviz	lovis
lëvizur	ləvˈizuɹ
mace	matsɛ
mace	mãːts
mace	mõːts
mackë	matskə
macë	matsə
macë	mãːts
macë	mõːts
macë	mˈɑːts
madh	mað
madhe	ɛmaðɛ
madhësi	maðəsi
magazinoj	makasinoi
magjup	maɟup
magjyp	maɟyp
magnet	magnˈɛt
mahir	məhiːɹ
maholli	maːˈhoːlɪ
majdanoz	majdanos
majlinda	majlindɐ
majmun	majmum
major	maʝoɾ
majë	maj
makarona	makaɾona
makinat	mˈakˈinˈat
makine	makine
makinë	makinə
makth	makθ
mali	mali
malësor	maləsoɾ
malësore	maləsoɾe
mamasë	mamas
mamin	maːmin
mamit	mɑɾmiːd
mamurrasi	amurasi
manaferrë	manaferə
manastiri	manastiri
mang	mang
manifestoj	manifɛstoi
mantel	mantˈɛl
manushaqja	manuʃaɟa
manxuranë	mandzuraːn
maqorr	macɔr
maqorr	macɕɔr
maqorr	matɕɔr
maqorr	matʃɔr
maraq	maɾacç
marenë	maɾenə
margaritë	margarit
mari	maːriː
marr	maɾ
mars	mˈɑːrs
marsi	mˈɑɹsiʊ
martesa	mˌaɾtˈɛsɐ
martesë	maɾtes
martin	mˌɑɹtˈin
martohet	mˈartˈahˈɛd
mashkullor	mˌaʃkulˈɔɹ
mashtrim	maʃtrim
mashtroj	maʃtrɔj
mashtrues	maʃtruːes
matematikë	matɛmatikə
materiale	materialˈe
mathe	maθɛ
matosh	matɔʃ
mauthia	mauθia
mazë	maːz
maç	matʃ
maçok	matʂɔk
maçok	matʃɔk
mbahem	baːhɛm
mbahem	mbahem
mbahem	mbahɛm
mbaj	mbaj
mbaja	baja
mbajtje	mbajtje
mbajtës	mbajtəs
mbante	bante
mbaroj	maɹɔj
mbaroj	mbaɾɔj
mbaroj	mɑɹɔj
mbaros	mbarɔs
mbart	mbaɾt
mbarë	mbaɾə
mbarë	mãːɹ
mbarë	mɑ̃ːɹ
mbasi	mbaːsi
mbetem	bet̪em
mbikëqyr	mbikəcyɾ
mbledh	mbleð
mbledhës	mbleðəs
mbretvrasës	mbɾetvɾasəs
mbroheni	mbɾoːɦeːni
mbrothësi	mbrɔθəsi
mbulohem	mbulɔhɛm
mbuloj	mbulɔj
mburr	bur
mburracak	mburatsak
mburrem	mburɛm
mbush	bʊʃ
mbush	mbuʃ
mbushem	mbuʃɛm
mby	mbyː
mekanika	mɛkːanˈika
melika	melika
mendim	mendim
mendimet	mendˈimet
mendjemadh	mendjemað
mendjemadhësi	mendjemaðəsi
mendohem	mendˈɑːhˈɛm
mendoj	mendoi
mendoj	mɛndɔj
mendonte	mendˈonte
mendove	mend̪ove
merimangë	mɛɾimaŋg
meritoj	mɛɾitɔj
meritoj	mˌeɾitˈɔɪ
merrem	merɛm
merremi	meremɨ
merresh	mˈɛrɛʃ
merri	meri
mesazhin	mesaʒin
mesha	meˈʃa
meta	meta
metafizika	metafizika
metoda	metodɑ
metra	metra
metë	metə
mexhidje	medʒidje
mexhite	medʒite
meçkë	metʃkə
mi	mˈi
micak	mitsak
mike	mikˈɛ
mikologji	mikɔlɔɟʑi
mikroorganizmat	mjkroɔrgaŋizmat
milika	milika
milingonë	milingɔːn
miliona	iliona
miloti	mjlˈɔti
minutash	minutaz
minute	minute
miq	mˈitʃ
miqësi	micɕəsi
miqësohem	micɕəsɔhɛm
miratoj	miɾatɔj
miratoj	mʲiratɔj
mirmbrëma	mjˈʉrmbrama
mirupafshim	miɾupa˥˩ːʃi˩˥ːm
mirë	miɾə
mirë	mˈɪɹ
mirëmëngjes	miɾəməɲɟes
mirëpo	mɪɹpɔ
mirësoj	miɾəsɔj
mish	miʃ
misioni	misioni
miush	miuʃ
mizë	mise
mjaftoj	miaftoj
mjalcë	mjaltsə
mjaltë	mjaltə
mjaltë	mjˈald
mjegull	mjɛguɫ
mjegullnajë	mjɛguɫnajə
mjek	mjɛk
mjekoj	mjˈekˈoj
mjekër	mjekəɾ
mjel	mjɛl
mjel	mjˈeʎ
mjellmë	mjɛɫmə
mjeshtër	mjɛʃtəɾ
mobiloj	mobiloi
modest	mɔdɛst
modesti	mɔdɛsti
modifikoj	mˌɔdifikˈɔj
moh	mɔh
mohoj	mˌoːˈhɔːj
molekulë	molekulə
molla	mola
mollatartë	mɔɫɒtɒɾtə
mollë	mɔɫə
momente	momente
momenti	momentɪ
montoj	mˈˈɔntoj
morali	moɖaːliː
morfologji	mɔɹfɔlɔɟʑi
morr	mɔr
morra	morra
mos	mˈɔs
moshë	mɔʃə
mostër	mostəɾ
moti	mɔ̃te
motiv	motiv
motivohem	motivɔhɛm
motivoj	motivɔj
motra	mɔtra
motrës	motras
mrikë	mɾikə
muaj	mua̞j
muajsh	mˈuːˈaɪʃ
mulliri	muliɾi
mund	mund
munde	mũˈnde
munden	munˈden
mundoj	munˈdɔj
mundova	mʊndɔva
munduar	munduːaːr
mundësia	mundˈˈusiːˈɑ
mungoj	mʊŋgɔʲ
munguar	mʊŋguːaɾ
murdar	muɾdaɾ
mushtisht	muʃtiːʃt
muskul	muskul
muskulaturë	muskulatuɹə
muskulor	muskulɔɹ
muskuloz	muskulɔs
mut	mut
mutacioni	mutatsjɔnɛ
muze	muzeɛ
muzikë	muzikə
muzikën	musikan
mëdha	təməða
mëdhenj	təməðɛɲ
mëgashtër	məgaʃtəɾ
mëkat	məkat
mëlçi	mɪlˈtʃiː
mënjanoj	mɐ̃ɲanɔj
mërej	mərɛj
mërzit	mɛrzit
mëshirë	məʃiːɾ
mëshoj	məʃɔj
mësim	məsim
mësohem	məsɔhɛm
mësonjëtore	məsoɲətoɾe
mësysh	məsyʃ
naftë	nˈaft
nallban	naɫban
napolon	napɔlɔn
nata	nˈata
natën	nˈɑdəm
nauk	nauk
ndaj	mdaj
ndajfolje	dajfolje
ndal	dɑːl
ndalet	dalet
ndaloj	nˈɑlˈoj
ndaloje	dalɔjɛ
ndalur	nðalʊr
ndermir	ndɛrmir
nderoj	dˈɛɾˈɔj
ndesh	dˈɛʃ
ndih	ndih
ndihem	ndihɛm
ndjek	ɲːɛk
ndjenja	d̪jɛɲa
ndoc	ndɔts
ndoci	mtotsi
ndokë	ndokə
ndoshta	dɔˈʃta
ndot	dˈoːt
ndrekë	ndɾekə
ndrikull	ndɾikuɫ
ndriçoj	ndritʃɔj
ndër	dˈɚ
ndërrjet	ndərjɛt
ne	nˈɛ
negative	negtive
neglizhoj	negɛlʲiʒɔj
nemërçka	nɛmɛrtʃka
nervoz	nɚvɔz
nerënxë	nɛɾəndzə
neve	nɛvɛ
nevojshëm	nɛvojʃam
nevojtore	nevojtoɾe
nevojë	nevojə
nexhat	nedʒat
nga	ŋga
ngadal	gadal
ngas	gas
ngatërroj	ngatoroj
ngirterrë	ɳgitɛɾa
ngirterrë	ɳgitɛɾə
ngjalë	ɲɟalə
ngjis	ɲɟis
ngjyej	ɲɟyɛj
ngritur	gɾitʊɾ
ngrohem	nˈɛˈɾɔhem
ngulmoj	mguːlmɔj
ngurroj	gurɔj
niklaus	nˈɪçtlaˈuːs
nimanbegu	nimanbegu
ninulla	ninua
nis	nis
nis	nɪs
niset	nˈesˈɛt
nj	ɲ
njehsor	ɲehsoɾ
njer	ɲɛɾ
njeriut	njɛriut
njoha	mjɔha
njohin	nˈoːhˈin
njohëm	nˈoːhˈəm
njom	njˈem
një	ɲə
njëkohësisht	ɲəkɔhəsiʃt
njëmbëdhjetë	ɲəmbəðjɛtə
njëzet	ɲəzɛt
njëzetedy	ɲəzɛtɛdy
njëzetegjashtë	ɲəzɛtɛɟʑaʃtə
njëzetekatër	ɲəzɛtɛkatəɹ
njëzetenjë	ɲəzɛtɛɲə
njëzetenëntë	ɲəzɛtɛnəntə
njëzetepesë	ɲəzɛtɛpɛsə
njëzeteshtatë	ɲəzɛtɛʃtatə
njëzetetetë	ɲəzɛtɛtɛtə
njëzetetre	ɲəzɛtɛtɾɛ
noar	nˈɔːɹ
nomenklatura	nˈomenklatˈuːra
normal	nˈɔrmal
normale	nˈɔrmˈale
notoj	nˈotˈoj
nouk	nɔuk
novobërda	nˈɔvɔbˈœrdˈɑ
nuhat	nˈuhˈat
nuk	nuk
numrat	numrat
numër	numəɹ
nxehtësi	ndzehtəsi
nxitim	ntsʲitʲim
nxjerr	ndzjɛr
nënshtrohem	nɛnʃtrɔhem
nëntetar	nəntetaɾ
nëntoger	nəntogeɾ
nëntë	nəntə
nëntëmbëdhjetë	nəntəmbəðjɛtə
nënë	nənə
oborri	abˈɔri
odokët	odokət
ofendoj	ɔfɛndɔj
oficer	ofiˈtser
ogurzi	oguɾziː
operacion	ˌopeɾatsjˈon
ora	ɔɾa
organizëm	ɔɾgɑnizm
orgji	ɔɹɟʑi
orë	ɔɾə
orëndreqës	oɾəndɾecəs
orëçuet	oɾətʃuet
osmozë	osmoz
paafruar	paːafɾuːaɾ
pabesueshëm	pabɛsuɛʃəm
pabesë	pabesə
padit	padit
padukshëm	padukʃəm
padyshim	padˈyʃˈim
pafund	pafunt
paguani	aguani
pagëzoj	pagəzɔj
paharrueshëm	paharuɛʃəm
pajisje	pajisʲe
pajt	pajt
pajtoj	pajtɔj
pak	pˈak
pallto	palto
palmë	palm
palë	pal
panxharit	panʒaːɾid
papagall	papagaɫ
paparë	paˈpaːɾ
papat	papat
papuçet	papuːtʃɛt
paqe	pacɕɛ
paqe	pacɛ
paqe	pakʲɛ
paqe	patɕɛ
paqe	patʃɛ
para	paːr
parapëlqej	paɾapəlcɛj
parashikues	paɾaʃikues
parasysh	paɾasyʃ
parat	paˈraːt
paris	paris
park	pɑːɾk
partizani	partizani
parë	paɾə
pasagjer	pasaɟeɾ
pasdite	asd̪it̪e
pash	pɑʃ
pasi	pasim
pasi	paːsi
paske	pɑskɛ
pastrues	pastruːɛs
pasur	pasuɹ
pasur	pasuɾ
pat	pat
patatina	patatiːna
pati	patːi
patologji	patɔlɔɟʑi
patos	patos
patricia	patritsia
patur	patuɹ
patur	patuɾ
patëllxhan	patəɫdʒan
patëm	patɨm
pavdekshëm	pavdɛkʃəm
paçim	patʃɨm
pelerinë	peleɾinə
peligorgë	peligoɾgə
pemë	pem
pemë	pɛːm
pemët	pɛmt
pengon	pˌeŋgˈon
penicilina	pˌenitsilˈina
peqin	pecin
perdet	pɛrdɛt
perfekt	pɚfˈɛkt
perfekte	perfekte
personale	pɛrˈsonˈale
perëndim	pɛɾəndim
peshkopia	pɛʃkɔpiːa
peshohem	pɛʃɔhɛm
peshoj	pɛʃɔj
peshore	pɛʃɔɾɛ
peshova	pɛʃɔva
peshq	pɛʃtʃ
peshqit	pɛʃcit
peshqit	pɛʃtɕit
peshtamall	peʃtamaɫ
peshuar	pɛʃuaɾ
peshë	pɛʃə
pesë	pɛs
pesë	pɛsə
pesëdhjetedy	pɛsəðjɛtɛdy
pesëdhjetegjashtë	pɛsəðjɛtɛɟʑaʃtə
pesëdhjetekatër	pɛsəðjɛtɛkatəɹ
pesëdhjetenjë	pɛsəðjɛtɛɲə
pesëdhjetenëntë	pɛsəðjɛtɛnəntə
pesëdhjetepesë	pɛsəðjɛtɛpɛsə
pesëdhjeteshtatë	pɛsəðjɛtɛʃtatə
pesëdhjetetetë	pɛsəðjɛtɛtɛtə
pesëdhjetetre	pɛsəðjɛtɛtɾɛ
pesëdhjetë	pɛsəðjɛtə
pesëmbëdhjetë	pɛsəmbəðjɛtə
pesëzet	pesəzet
pi	piː
piano	pianɔ
piero	pielo
pijan	pijan
pije	pijˈe
pijetore	pijetoːrɛ
piktura	piktˈuːra
pikturat	piktuːrat
pikturën	pˈɪktuɾən
pikturës	pikturas
pilaf	pˌiːlˈaf
pinel	pinel
pis	pis
pish	pʃ
pjeper	pjˈepɚ
pjepër	pjepəɾ
pjeshkë	pjɛːʃk
pjesë	pjɛs
plagë	plˈag
plak	plak
plan	plˈɑn
plane	planen
planet	planet
plazh	plˈaʒ
plaçkë	platʃkə
pllakos	pɫakos
pllana	plana
plot	plˈɑt
plotësisht	plotəsiʃt
plotësoj	plotəsɔj
plug	plug
plumb	plˈumˈb
plumba	plˈumbˈa
plus	plˈʌs
po	pɔ
pogradec	po˥˩ːgɾadɛts
pogradeci	pogradɛtsi
pohim	pɔhim
polem	pɔlɛm
politika	politika
poloni	pɔlɔniː
popullit	pɔpɫit
pornografi	pɔɹnɔgɾafi
porosit	pɔɾɔsit
porta	pˈoɾta
portokall	poɾt̪okal
portokall	pɔɾtɔkaɫ
portokalle	pɔrtokaːlɛ
portokalle	pɔɾtɔkaɫɛ
poshtër	pɔʃtɛr
postel	pɔstɛl
potkua	potkua
pozicion	pozitsion
pozë	pɔz
prag	pɾag
prandaj	brˈanˈdˈaj
pranga	pɾanga
pranvera	brˈanvˈɛːra
prapanicë	pɾapanitsə
praqe	prace
prehër	pɾehəɾ
prek	pɾek
prekur	pɾˈekuɾ
prekë	pɾekə
premten	prämtˈeːn
preshevë	pɾɛʃˈɛv
preshi	prenʃɪ
presidentin	presidentin
presion	pɾesjˈon
prift	brˈift
prift	pɾift
prill	pɾˈil
princi	printse
prind	pɹiŋd
prishtin	pɾiʃtĩŋ
pristina	pɾɪstɪna
privat	privat
private	pɾjvatɛ
prizreni	prizriːni
problemin	problemin
programin	propramin
pronari	pˌɾˌɔnˈaɾjʊ
prova	plɔva
provoj	pɾɔvoj
provojmë	provojm
provoni	provo˥˩ːni
provosh	pravɔʃ
prëhër	pɾəhəɾ
pubis	pubis
publikoj	publikoj
pukë	pˈuk
pullet	ʊɫɛt
pulë	pul
punoj	punɔj
punoni	punoni
punonjës	punɔɲəs
punonte	pʊˈnɔntɛ
punë	punə
punëdhënës	punəðənəs
punësi	punəsi
punësohem	punəsɔhɛm
punësoj	punəsɔj
punësuar	punəsuaɾ
punësuara	punəsuaɾa
punëtor	punətoɾ
pupëz	pupəz
pushime	pʊsʃiːmɛ
pusho	pʊˈʃɑ
pushoj	puʃɔj
pushtues	puʃtuːɛs
pusullë	pusuːɫ
puth	puz
putër	putə
pyesja	pyˀeːsjˈa
pyetje	pyɛtjɛ
pykë	pyːk
pëlqej	pəlcɛj
përafrohem	pəɹafɹɔhɛm
përafrohem	pəɾafɾɔhɛm
përafroj	pəɹafɹɔj
përafroj	pəɾafɾɔj
përdorimi	pordoɾiːmi
përdorin	pˈœrdˈoːrin
përdorur	pərdorur
përdëllej	pəɾdəɫej
përdëllesë	pəɾdəɫesə
përdëllyeshëm	pəɾdəɫyeʃəm
përfundoi	pɔɾfʊŋdɔj
përgjithshëm	pɚɟʑiθʃəm
përgjithësim	pɚɟʑiθəsim
përgjithësisht	pɚɟʑiθəsiʃt
përgjithësoj	pɚɟʑiθəsɔj
përgjues	pəɾɟues
përhap	pəɾhap
përkavë	pəɾkavə
përkeq	pəɾkɛc
përkulem	pəɾkˈuːlˌeːm
përmby	pərmbyː
përmirësoj	pəɹmiɹəsɔj
përmy	pərmyː
përparoj	pəɹpaɹɔj
përqesh	pəɾcɛʃ
përrenjas	preɲas
përseriteni	pərsɛɾitɛni
përshtati	pˈɛrʃtˈati
përshëndetje	pəɾʃəndɛtjə
përsipër	tˈɚsˈipɚ
përsos	pɚsos
përsosur	pɚsosuɹ
përtoj	pəɾtɔj
përzë	pəɾzə
përçaj	pəɾtʃaj
pësoj	pəsɔj
q	c
qafa	tʃafa
qafebar	tʃafɛbar
qafë	cafə
qark	cɕaɾk
qartë	caɾtə
qe	tʃɛ
qefin	cefin
qefull	cefuɫ
qelizat	tʃɛliːzaːt
qemë	cɕɛmə
qen	cɕɛn
qen	tʃɛn
qendresa	tʃendresa
qendër	cɛndəɾ
qenë	cenə
qepa	cepa
qepë	ceːpə
qepë	cçeːpə
qeras	ceɾas
qeros	ceɾos
qerpik	tɕɛɹpik
qerre	cɛrɛ
qese	cese
qesharak	cɕɛʃaɾak
qeshë	cçɛʃə
qeth	cɛθ
qeveri	cɛvɛɾi
qeveris	cɛvɛɾis
qiell	cçiɛɫ
qifsha	cifʃaː
qifsha	cɕifʃaː
qifsha	kʲifʃaː
qifsha	tɕifʃaː
qifsha	tʃifʃaː
qilim	tʃilim
qime	cimɛ
qindarka	cindaɾka
qindarkë	cindaɾkə
qira	ciɾa
qiri	cɕiɾi
qiri	kɪɾiː
qivur	tɕivuɹ
qofsh	cɕofʃ
qofsha	cɕofʃa
qofshim	cɕofʃim
qofshin	cɕofʃin
qofshit	cɕɔfʃit
qofte	tʃoftɛ
qoftë	cɕoftə
qosarak	cosaɾak
qose	cose
quaj	cuːj
quaj	cɕuːj
quaj	kluːɲ
quaj	kʎuːɲ
quhej	tʃuːhej
quhem	cuhɛm
quhesh	tɕuhɛʃ
quhet	tʃuhet
qukapik	tʃukapik
qup	cup
qupi	cupi
qurylyk	cuɾylyk
qye	cyː
qye	cɕyː
qye	tɕyː
qye	tʃyː
qylaxhi	cɕyladʒi
qymyrgur	cymyɾguɾ
qyqek	cycek
qyrek	cyɾek
qyrlek	cyɾlek
qyrlik	cyɾlik
qyrylyk	cyɾylyk
qytet	cytɛt
që	cɕə
që	cə
që	tɕə
që	tʃə
qëndroj	cɕəndɾɔj
radio	radio
rajon	ɾajɔn
raki	ɾaki
rakishitës	ɾakiʃitəs
ramush	ɾamuʃ
ramë	ɾamə
ranishte	ɾaniʃte
ranishtë	ɾaniʃtə
ranor	ɾanoɾ
re	ɾe
realitet	ʁealitˈɛt
rehat	ɾehat
rem	ɾɛm
rend	ɾɛnd
reshedi	rˈeʃɛdi
respekt	ʁɛspˈɛkt
restorant	rˌɛstoːrˈant
restorant	ɾɛstɔɾant
revistë	ɾɛvist
rexha	ɾedʒa
rexhbecaj	rɛdʒbɛtsai̯
rexhep	ɾedʒep
rexhepi	rɛdʒɛpi
rexhë	ɾedʒə
rezultat	ɾɛzultat
rezultatet	rɛsultatet
rigë	ɾig
rilindja	ʉɾiːl˧iːnˈdiːɑː
rini	ɾini
rolin	roːlˈɪn
roskovec	rɔzko˥˩ːvɛts
roskoveci	rɔskɔʋɛːtsi
rosë	ɾosə
rozafës	rozafas
rozmarin	ɾˈosmˈˈaɾˈinˈ
rr	r
rrafsh	rafʃ
rrah	rah
rregulli	rɛguli
rrepë	rɛp
rrepë	rɛpə
rreshter	reʃteɾ
rreshtoj	rɛʃt
rreth	rɛθ
rreze	rɛzɛ
rrezet	rɛzat
rrezik	rɛzik
rrezikoj	rɛzikɔj
rrezikshëm	rɛzikʃəm
rrij	rˈiː
rrikë	rik
rrikë	rikə
rritem	ritem
rritem	ritɛm
rrjedhje	rjɛðjɛ
rrogozhinë	rogoʒin
rrotë	rɔt
rruaj	ruaj
rrudhë	ruːð
rrugë	rugə
rrugët	rˈugʌt
rrugëtim	rugɒtiˈm
rrushi	ruʂi
rrxon	rɨdzɔn
rrëbyth	rəbyθ
rrëfyes	rəfyːəs
rrëmujaxhi	rəmujadʒi
rrënoj	rənɔj
rrësheni	rʃenʲi
rrëshqanor	rəʃcanɔɾ
rubiku	lˈubɪku
ruse	rˈusˈɛ
rusisht	rusiʃt
ryshfet	ɾyʃfɛt
rëntgen	rˈæntgˌɛn
rërë	ɾəɾə
rërët	ɾəɾət
s'	s
s'	z
sa	sˈa
sahat	sahat
sahatçi	sahattʃi
sajoj	sajɔj
saksi	saksi
saktë	saktə
sallatë	saˈɫat
sallgam	saɫgam
samuel	sˈɑmwˌɛl
sanduiç	sandwitʃ
sara	saːra
saranda	saˈɾanda
saraç	saɾatʃ
saturni	saturni
sava	ava
se	sɛ
se	tsɛ
sekret	sekret
sekrete	sekɾˈetɐ
selenica	selenitsa
selino	silinɔ
selit	selit
seman	se˥˩man
seminari	seminaɾi
serbia	seɾβia
serioz	seɾˈdiˈɔs
serioze	serioza
sfurk	sfuːrk
sh	ʃ
sha	ʃa
shabllon	ʃɐbɫɔn
shag	ʃag
shakaxheshë	ʃakadʒeʃ
shakllaban	ʃakɫaban
shakull	ʃakuɫ
shalqi	ʃalci
shalë	ʃalə
shami	ʃami
shampo	ʃampo
shap	ʃap
sharapoll	ʃaɾapoɫ
shark	ʃaɾk
sharki	ʃaɾki
sharkë	ʃaɾkə
shart	ʃaɾt
shat	ʃat
shatërvan	ʃatəɾvan
shehu	ʃehu
shejtan	ʃɛjtan
shembll	ʃæmbɨɫ
shembull	ʃɛmbuɫ
shemër	ʃɛməɾ
sheqer	ʃɛcɕɛɾ
sheqeri	ʃˈɛtɕeɾi
sherbelë	ʃɛɾbɛːl
shermend	ʃɛɾmɛnd
shesh	ʃeʃ
sheshtë	ʃɛʃtɔ
shfrej	ʃfɾɛj
shigjetar	ʃiɟɛtaɾ
shigjetari	ʃidʑɛtaɹi
shigjetari	ʃiɟɛtaɾi
shigjetë	ʃidʑɛtə
shigjetë	ʃiɟɛtə
shihe	ʃɪjɛ
shihem	ʃiːhem
shije	ʃiːjæ
shijoj	ʃijoj
shikoj	ʂikɔj
shikoj	ʃikoj
shikojmë	ʃikojmə
shikon	ʃikon
shikonin	ʃikonin
shikonte	ʃikonte
shikrije	ʃikɾijɛ
shishe	fʃiʃɛ
shitoj	ʃitɔj
shitës	ʃitɔs
shitës	ʃitəs
shkak	ʃkak
shkaku	ʃkakum
shkal	ʃkal
shkallët	ʃkɑɫɯ̞t
shkath	ʃkaθ
shkathët	ʃkaθət
shkencë	ʃkɛntsə
shkencëtar	ʃkɛntsətaɾ
shkodra	ʃkɔˈdra
shkodër	ʃkɔdar
shkolla	ʃkɔɫa
shkop	ʂkɔp
shkove	ʃkɔʋɛ
shkrim	ʃkrˈim
shkruaj	ʃkɾuaj
shkumbin	ʃkˈumbˈiːn
shkupi	ʃkupʲi
shkurt	ʃkwˈrtˈ
shkurtohem	ʃkuɹtɔhɛm
shkurtohem	ʃkuɾtɔhɛm
shkëlqej	ʃkəlcɛj
shkëlqyeshëm	ʃkəlcyɛʃəm
shkëndijë	ʃkəndiːj
shlivovicë	ʃlivovitsə
shlivë	ʃlivə
shof	ʃɔf
shog	ʃog
shoku	ʃɔku
shokun	ʃɔkun
shokut	ʃɔkut
shokë	ʃɔkə
shokësh	ʃɔkəʃ
shokët	ʃɔkət
shokëve	ʃɔkvɛ
shokëve	ʃɔkəvɛ
shparg	ʃpaɾg
shpat	ʃpat
shpatën	ʃpˈɑːtən
shpejtësi	ʃpɛjtəsi
shpellë	ʃpeːɫə
shpend	spˈɛnd
shpend	ʃpɛnd
shpie	ʃpie
shpif	ʃpif
shpif	ʃpjf
shpifa	ʃpifa
shpifur	ʃpifur
shpirrë	ʃpiːr
shpirtit	ʃpˈirti
shpirtkeq	ʃpiɾtkec
shpjegoj	ʃpjɛgɔj
shpjegon	ɕpjɛgɔn
shpoti	ʃpɔtˈiv
shpotit	ʃpɔtit
shpreh	ʃpɾeh
shprehës	ʃpɾehəs
shpresa	ʃpɾesa
shpresë	ʃpɾɛs
shpretkë	ʃpretkə
shputë	ʃputə
shpërthej	ʃpɔɾθɛj
shqem	ʃceːm
shqip	ʃcip
shqip	ʃcɕip
shqip	ʃkʲip
shqipe	ʃtɕipɛ
shqipohem	ʃcipɔhɛm
shqipohet	ʃcipɔhɛt
shqipoj	ʃcipɔj
shqipon	ʃcipɔn
shqiponjë	ʃcipɔɲə
shqiptar	ʃciptaɾ
shqiptare	ʃtʃiptaɾe
shqiptoj	skʲiptɔj
shqiptoj	ʃciptɔj
shqiptoj	ʃcɕiptɔj
shqiptoj	ʃkʲiptɔj
shqiptoj	ʃtɕiptɔj
shqiptoj	ʃtʃiptɔj
shqipëlloj	ʃcipəɫɔj
shqipëlloj	ʃcɕipəɫɔj
shqipëlloj	ʃtɕipəɫɔj
shqipëlloj	ʃtʃipəɫɔj
shqipëri	ʃcipni
shqipëri	ʃcipəni
shqipëri	ʃcipəɾi
shqipëri	ʃcɕipni
shqipëri	ʃcɕipəni
shqipëri	ʃcɕipəɾi
shqipëri	ʃkʲipəɾi
shqypni	ʃtʃypˈni
shqyptar	ʃcyptaɾ
shqyt	ʃcyt
shrafciger	ʃɾaftsigeɾ
shtator	tʃtator
shtatzanë	ʃtatzan
shtatzënë	ʃtatzəːn
shtatë	ʃtat
shtatë	ʃtatə
shtatëmbëdhjetë	ʃtatəmbəðjɛtə
shtazarak	ʃtazaɾak
shtet	ʃtɛt
shtet	ʃtɛts
shtetas	ʃtetas
shtime	ʃtiːmɛn
shtohem	ʃtɔhɛm
shtoj	ʃtɔj
shtrat	ʃtɾat
shtreb	ʃtɾɛb
shtrep	ʃtɾɛp
shtriga	ʃtrigo
shtrigë	ʃtɾiːg
shtrihem	ʃtrʲiɣem
shtrënguar	ʃtrŋguaɾ
shturë	ʃtuːɾ
shtyllë	ʃtyːɫ
shtyp	ʃtˈyp
shtëllungë	ʃtəɫuŋə
shtëpi	ʃtəpi
shtëpiak	ʃtəpiak
shtëpâ	ʃtəpã
shuaj	ʃuɑj
shuguroj	ʃuguɾoj
shukrije	ʃukɾijɛ
shum	ʃum
shumicë	ʃumˈiːts
shumë	ʃumə
shumëgjuhësh	ʃuməɟʑuhəʃ
shuplakë	ʃuplaːk
shurbë	ʃuːɾb
shurdh	ʃuɾð
shurdhuar	ʃuɾðuaɾ
shushunjë	ʃuʃuːɲə
shushuq	ʃuʃuc
shykrije	ʃykɾijɛ
shëlboj	ʃəlbɔj
shëllij	ʃəɫij
shën	ʃˈøn
shëndoshë	ʃəndɔʃə
shërbej	ʃəɾbɛj
shërbim	ʃɛrbim
shëtit	ʃətit
si	sˈiɹ
siguroj	segˌuɾˈɔj
sille	sile
simahor	simahor
simone	simone
sinagoga	sˌinagˈoːga
sinjal	sˌiːnjˈal
sinjalin	sinjalˈin
sinonim	sinɔnim
sinqertë	siŋcɕɛɾtə
sirtar	siɾtaɾ
sistem	sist̪em
sistem	sɪstɛm
situatën	situatẽn
sjellje	sjɛɫjɛ
skelet	skɛlɛt
skifter	skifteːr
skipetar	ʃciptaɹ
skipetar	ʃciptaɾ
skipetar	ʃcɕiptaɹ
skipetar	ʃcɕiptaɾ
skipetar	ʃkʲiptaɾ
skllav	skɫav
skrapar	skrˈapˈad
slit	sljit
smir	smiːr
smirë	smiɾə
snob	snˈɔb
sobë	sobə
sodit	sɔdit
sofika	sofikə
soj	sɔj
solla	sola
solle	sɔɫe
sopatë	sɔpatə
sorkadh	sorkað
sorkadhe	sorkaðe
sorrë	sɔrə
sos	sɔs
sotir	sotiɾ
sotira	sotiɾa
sotme	sotmæ
spec	spɛts
speca	spɛːtsɛ
special	spetsjal
speciale	spetsiale
spermë	spɛɾmə
spitali	spitˈalli
sqap	scɕap
sqarim	scɕaɹim
sqaroj	stɕaɹɔj
sqotë	scɕɔtə
stacion	statsiˈon
stadiumi	statjumɨ
stan	stan
sternë	sternə
sterrë	sterə
stihi	stihi
stilian	stiliaːn
stiliani	stiljani
stinë	stinə
stoli	stoːnli
stop	stɒp
strakosha	strakɔʃa
struc	struts
stërvis	stəɾvit
stërvitje	starvitjɛ
sukses	sukˈses
sulmoj	sulmoj
sundoj	sundɔj
sup	sup
super	suːpɛr
supozoj	supozoj
sven	sˈvˈɛn
sy	sy
sykullumbri	sykuɫumbɾi
sylesh	syleʃ
syltjash	syltˈiˈaʃ
syri	sˈɚi
syrin	sˈyːriən
syt	syˈt
syve	syvˈe
syze	sysa
syzet	syːzɛt
syzi	syzi
së	s
së	sə
së	səː
sëmundje	samuːndjˈe
sëmurë	səmuɾə
sëpatë	səpaːt
tabu	tabuu
tafa	tafa
tafiqi	tafiːsi
tafë	tafə
tajvan	tajˈvɑn
takimi	takʲimʲi
takimin	tɑkimin
takoj	takˈaj
takon	akon
taksi	taksim
takuam	takoɑm
tamël	tɑ̃məl
tamël	tɒməl
tanë	tan
tanë	tɑ̃ːnə
taraf	taɾaf
tarogzë	taɾɔːgzə
tashme	taːʃmɛ
tatuazh	tatuaʒ
tavë	tavə
teatër	tˈeːatər
tej	te
teke	tˈɛkə
teknologji	tɛknɔlɔɟʑi
teknologjia	t̪eknoloɣ̞ia
tekst	tekst
telefoni	tˈɛlˈlˈɛfˈoni
telefono	t̪elẽfãn̪o
telefonoi	telefonoi
telefonoj	telefonoi
tellall	teɫaɫ
temperatura	tˌemperatˈuɾa
tereza	tɛrɛza
termodinamika	teɾmɔdɪnaˈmika
tetar	tetaɾ
tetor	tetˈoɾ
tetova	tɛto˥˩ːva˥˩ː
tetë	tɛt
tetë	tɛtə
tetëmbëdhjetë	tɛtəmbəðjɛtə
teuta	teuta
teutë	teutə
tezgjah	tezɟah
th	θ
tharti	θɑːɾtˈi
thashethemëxhi	θaʃɛθɛmdʒi
thashethemëxhi	θaʃɛθɛmədʒi
thelbësor	θɛlbəsoɹ
thelë	θˈɛl
therës	θɛɾəs
thesar	θɛsaɾ
thi	θiː
thika	fika
thirri	iri
thith	θiθ
thjeshtë	θjɛʃtə
thoni	sˈoni
thonj	soːɲ
thopërç	θopəɾtʃ
thupër	θupəɾ
thyej	θyɛj
thëngjillor	θənɟiɫoɾ
thëngjilltar	θənɟiɫtaɾ
thërrime	θərime
thërrmijë	θərmijə
thërrmoj	θərmoj
tifoz	tifoz
tigan	tigan
tigër	tˈigɚ
tij	ti
tilla	tila
tim	tɪm
time	tima
timen	tiːmən
titroi	tʃitroj
tjetra	tjɛtra
tjetër	tjetəɾ
tmerr	smˈɛr
tmerri	tmeːri
tmerrik	tsmeːriːk
toka	toka
tokë	tɔk
tona	ona
tonë	tɔn
top	tˈɔp
topin	topim
tosknishte	toskniʃte
toskërishte	tɔskəɾiʃtɛ
totolesh	totoleʃ
trajnuar	trajnˈuːr
transmeton	transmɛton
trashë	traʃ
trashëgoj	tɾaʃəgɔj
tre	tɾɛ
tregoje	trˈegˈoʊjɛ
tregove	træɣɔvɛ
tregtar	tɾɛgtaɾ
tregu	trɛgu
trembëdhjetë	tɾɛmbəðjɛtə
tren	trɛn
trepça	trɛpːtʃka
tri	trˈi
tridhjetedy	tɾiðjɛtɛdy
tridhjetegjashtë	tɾiðjɛtɛɟʑaʃtə
tridhjetekatër	tɾiðjɛtɛkatəɹ
tridhjetenjë	tɾiðjɛtɛɲə
tridhjetenëntë	tɾiðjɛtɛnəntə
tridhjetepesë	tɾiðjɛtɛpesə
tridhjeteshtatë	tɾiðjɛtɛʃtatə
tridhjetetetë	tɾiðjɛtɛtɛtə
tridhjetetre	tɾiðjɛtɛtɾɛ
tridhjetë	tɾiðjetə
trigonometria	trigoˈnɔmetria
trileçe	tɾiletʃe
trim	tɹˈim
trime	tɾimɛ
trishtuar	triʃtuaɾl
trokas	tɾokas
trokitni	trokitni
trondit	tɾɔndit
tropojë	tropoj
trotuar	tɾotuaɾ
tru	tɾũ
trup	truːp
trup	tɾup
trupa	trupa
trëndafil	trˈɛndafˈiːl
trëndafili	trəndafɪlɪ
tuaji	tˈuˈaɪ
tulipan	tuːliːpaːn
tullac	tuɫats
tung	tuŋg
turi	tuɾi
turne	tˈuɾneːm
turp	tˈɔɾp
ty	ty
tym	tym
të	ta
të	tə
tënd	stˈænd
tërë	təɾə
tërësi	təɾəsi
tërësisht	təɾəsiʃt
u	u
udhë	uðə
udhëheq	uðəhec
udhëhiqem	uðəhicɛm
udhëtar	uðətaɾ
udhëtoj	uðətɔj
udhëzim	uðəzim
udhëzoj	uðəzɔj
ugar	ugaɾ
ujdis	ujdis
uji	ui
ujin	uʲiːn
ujka	uːjka
ujku	ojku
ujori	ujɔɾi
ujë	ujə
ukraina	ukɾaɪna
ukshin	ukʃin
ul	uul
ulban	ulban
ulem	ulɛm
ulesh	ulæʃ
ulet	ulət
ulje	ulʲe
ulqin	ultʃin
ulqini	ultʃini
ulur	ulˈɾ
umb	umb
uragan	uɾagan
urdhëra	əʊrðəɾa
urdhëror	uɹðəɹɔɹ
urdhëror	uɾðəɾɔɾ
urdhërore	uɹðəɹɔɹe
urdhërore	uɾðəɾɔɾe
uroj	uɾɔj
urrej	urɛj
urrejtje	urɛjtjɛ
ushqej	uʃcçɛj
ushqim	uʃtɕim
ushqim	uʃɕim
ushtarak	uʃtaːraːk
ushtrime	uʃtrʲiːmʲɛ
vaginë	vaginə
vagjinë	vaɟʑinə
vagëlloj	vagəɫɔj
vajza	vajzɑ
vajzave	vˈaɪzaˈvˈe
vakt	vaːkt
vakëf	vakəf
valdet	valdɛt
valixhe	validʒe
valixhe	validʒɛ
vallë	vaɫə
vals	vˈals
valëza	vˈˈalza
vampir	vampiɾ
vardar	vˈɑːrdˈaɾ
varfër	vaɾfəɾ
varrakat	varakat
vashë	vaʃə
vatër	vatəɾ
vazhdosh	vasdɔʃ
vdekje	vdɛkjɛ
vdekur	vdɛkuɾ
vdes	vdes
vegan	fɛgan
vegim	vɛgim
vegjël	vˈeːgəl
vegoj	vɛgɔj
vegsh	vɛgʃ
velet	velet
vend	vˈɛnt
vende	vˈɛndə
vendim	vɛndim
vendos	vɛndos
vendosa	vˈɛndˈɔsa
vendosje	vɛndosjɛ
vendosni	vˈɛndˈosni
venus	venos
veprim	vɛpɹim
vera	vˈeːra
verbër	vɛɾbəɾ
verbër	vˈɛrbəɹ
verdhullor	veɾðuɫoɾ
verdhë	veɾðə
veri	veɾi
veri	veːrdiː
veri	vɛɾi
veri	vɛɾiː
verior	vɛɾiɔɾ
veriut	ve̞rijʊt
verë	vɛɾə
veshin	vɛːʃɪn
veshje	veːʃjeː
vesë	vɛːs
veta	vˈɛta
vete	vete
veti	vɛti
vetja	veːrˈtjɒ
vetura	vətˈʊra
veturën	vˈɛtuɾen
vetvetishëm	vɛtvɛtiʃəm
vetë	vɛːt
vetëlëvizës	vetələvizəs
vetëm	vetəm
vetën	veːton
vetëvendosje	vetvɛndɔsjɛ
vetëvendosje	vɛtəvɛndosjɛ
veza	veːzɑm
veçanti	vɛtʃanti
veçantë	vɛtʃantə
veçanërisht	vɛtʃa˥˩nɔriʃt
video	vˈiːtˈeːɹ
vidër	vidəɾ
vihem	vihem
vihem	vihɛm
viktimë	viktˈiːm
vindjak	vɪndjak
vinjak	d
vinjak	vɪnjak
vinte	vinte
vinç	vˈiːntʃ
violinë	viˈolin
virtyt	viɾtyt
virtyti	virtyˈti
visar	visaɾ
vitet	vipet
vitomiricë	vitɔmiɾitsʃ
vizitë	vizit
viç	vic
viç	vicɕ
viç	vitɕ
viç	vitʃ
vjedh	vjɛð
vjedhës	vjɛðəs
vjedhëse	vjɛðəsɛ
vjehrrë	vjɛhrə
vjehërr	vjɛhər
vjel	bjˈel
vjelës	vjeləs
vjershë	vjeːɾʃə
vjeshta	fjɛʃta
vjeshtë	vjɛʃt
vjeshtë	vjɛʃtə
vjeter	vjɛtor
vjollca	vjɔltsa
vjosa	vjosa
vlagë	vlaːg
vlefshëm	vlɛfʃəm
vlej	vlɛj
vllaznia	vɫaznija
vneshtar	vnẽʃtaɾ
vobektë	vɔbɛkt
vogël	vɔgəl
vogël	vˈogl
vonuar	vo˥˩ːnuaɾ
vopë	vopə
voskopojë	voskɔˈpɔj
votoj	votɔj
vozit	vozit
vra	vla
vrapoj	vɾapɔi
vraponi	fraponi
vras	fras
vrasës	vrasəs
vraç	vɾatʃ
vreshtar	vreʃtaɾ
vreshtari	vreʃtaɾi
vret	fret
vrimë	vɾimə
vuaj	vuaj
vullkani	vukani
vulvë	vulvə
vulë	vulə
vura	vˈura
vurkollak	vuɾkoɫak
vushtrri	vuxtri
vë	vˈa
vëlla	vɯ̞ɫːɑ
vërtet	vˈɚtˈæːt
vërtetë	vəɹtɛtə
vërtetë	vəɾtɛtə
vërvit	vəɾvit
vështirë	vəʃtiɹə
x	dz
xh	dʒ
xhafa	dʒafa
xhafë	dʒafə
xhagajdur	dʒagajduɹ
xhak	dʒaːk
xhaketë	dʒaketə
xham	dʒam
xhaxha	dʒadʒa
xhehenem	dʒɛhɛnɛm
xhehnem	dʒɛhnɛm
xhelilaj	dʒɛliːlaj
xheloz	dʒeloz
xhelozi	dʒelozi
xhemat	dʒemat
xhenem	dʒɛnɛm
xhepi	ʒɛpːi
xhino	dʒino
xhiro	dʒiɾo
xhiro	dʒiːro
xhura	dʒuɾa
xhuxh	dʒudʒ
xhuxhmaxhuxh	dʒudʒmadʒudʒ
xhybe	dʒybe
xitelë	dzitɛlə
xixë	dzidzə
xixëllonjë	dzidzəɫɔɲə
xoxa	dzodza
yjeplotë	yjɛplɔtə
yjet	yːjɛt
yjor	yjɔɹ
yjësi	yjəsi
ylber	ylbɛɹ
yll	yɫ
yllplimje	yɫplimjɛ
ymër	yməɾ
ynë	yn
ynë	ynə
ysht	yʃt
yt	yt
yzeir	yzeiɾ
yzengji	yzenɟi
z	z
zabel	zabɛl
zakon	zakɔn
zakonisht	zakɔniʃt
zakonshme	zakɔntʂmɛ
zallinë	zaɫinə
zallishtë	zaɫiʃtə
zambak	zambɑk
zanafillë	zanafiɫə
zanat	zanat
zanor	zanoɾ
zanore	zanoɾe
zarar	zaɾaɾ
zbaticë	zbatitsə
zbavis	zbavis
zbavitës	zbavitəs
zbrit	zbɾiːd
zbukuroj	zbʊːkʊɾɔj
zbulim	zbulim
zbuloj	zbulɔj
zbuloj	zbulˈɑːj
zdrukth	zdɾukθ
zef	zɛf
zeher	zeheɾ
zeje	zeje
zemër	zɛməɾ
zemër	zɛ̃ːməɾ
zemërkeq	zeməɾkec
zemëruar	zˈɛmrˈuaɾ
zeqo	zeco
zero	zˈɛɹoʊ
zezake	zɛzaːkɛ
zgjedhje	zɟɛðjɛ
zgjiç	zɟitʃ
zgjohem	zjɔhem
zgjoj	zɟoj
zh	ʒ
zhak	ʒɑk
zhanër	ʒanəɾ
zharg	ʒaɾk
zhavorr	ʒavor
zhbllokohet	ʒbɫɔkɔhɛt
zhduket	ʃtukɛt
zhele	ʒele
zhgënjej	ʒgəɲɛj
zhubë	ʒuːb
zhubër	ʒubəɾ
zhur	ʒuɾ
zhur	ʒˈur
zhurishtë	ʒuɾiʃtə
zhurmoj	ʒuɹmɔj
zhurmoj	ʒuɾmɔj
zhvesh	ʒvɛʃ
zhvishem	ʒviʃɛm
zi	zi
zi	ziː
ziej	zˈiei
zili	siːgˈli
zili	zili
zink	zˈɪŋ
zjarr	zjar
zjarrfikës	zjarfikəse
zjarri	zjˈari
zog	zɔg
zojz	zɔːjz
zonjë	zɔɲə
zonë	zɔnə
zot	zɔt
zota	zɔta
zotëni	zɔtəni
zotëri	zɔtəri
zotëri,	zɔtri
zvarranik	zvaranik
zvarrisem	zvarisɛm
zvicra	zvitsra
zvicra	zvitsɾa
zvicrra	zvitsra
zvicrra	zvitsɾa
zvicër	zvitsər
zvicër	zvitsəɾ
zvicër	zvitsɚ
zvicërr	zvitsər
zvicërr	zvitsəɾ
zvogëloj	zvɔgəlɔj
zymbyl	zymbyl
zyra	zˈyːla
zyre	zˈyrə
zyshë	zyʃə
zëvendës	zəvɛndəs
ç	tʃ
ç'	tʃ
çadër	tʃadəɾ
çair	tʃaiɾ
çaj	tʃaj
çakall	tʃakaɫ
çalltis	tʃautis
çaloj	tʃɑːlɔj
çamçakëzi	tʃamtʃakɐzi
çantë	tʃantə
çarçaf	tʃaɾtʃaf
çast	tʃast
çati	tʃatˈi
çdo	ʒdo
çekosllovakia	tʃɛkɔslɔvakia
çelebroj	tʃɛlabrɔj
çelës	tʃɛləs
çelësi	tʃe̞lsʲi
çerek	tʃeɾek
çerekje	tʃeɾekje
çerekshekull	tʃeɾekʃekuɫ
çetinë	tʃɛtiːn
çfarë	tʃfaɾə
çifligar	tʃifligaɾ
çifteli	tʃiftɛli
çifti	tʃiftɪ
çifut	tʃifut
çizme	tʃiːzmæ
çka	tʂka
çkemi	tʃkæmʲi
çliroj	sliːrɔj
çliroj	tʃliɾɔj
çmend	tʃmɛnd
çmoj	tʃmoj
çmëndur	tʃmɒnduɾ
ço	tʃa
çoj	tʃoj
çokollata	tʃɔkɔˈɫɑtɐ
çokollatat	tʃɔkɔˈlɑtɑt
çosh	tʃaʃ
çudi	tʃudi
çudi	tʃudiːm
çudit	tʃudɪt
çukë	tʃukə
çun	cun
çun	tʃun
ë	ə
ëmbël	əmbəl
ëmbëlsi	əmbəlsi
ëngjëll	əndʑəɫ
ëngjëll	ənɟəɫ
është	əʃtə
