oн	uŋ
абажадай	abazadaj
абажур	abaʒur
абайла	abajla
абайлау	ɑbɑjɫɑw
абайлашы	ɑbɑjlɑʃɯ
абайсыз	abajsiz
абак	ɐbak
абат	abat
абаттық	ɑbɑtːɯ̞k
аббревиатура	ɐbrʲɪvʲɪɐturə
абдикация	ɐbdʲɪkatsɨjə
абдоминопластика	ɐbdəmʲɪnɐpɫasʲtʲɪkə
абдыра	abdra
абзал	apzɑːl
абзац	apzɛts
абиссаль	ɐbʲɪsalʲ
абонемент	ɐbənʲɪmʲent
абсолют	ɐpsɐlʲut
абсолютизм	ɐpsəlʲʉtʲizm
абстракционизм	ɐbstrəktsɨɐnʲizm
абстракция	ɐbstraktsɨjə
абхаздар	apχazdar
абысын	abɯsɯm
авангард	ɐvɐngard
аванс	ɐvans
аварлар	ɑvɑɾɫɑɾ
авиация	ɐvʲɪatsɨɪ̯ə
автоара	afdora
автобекет	aʃtobɪkɪt
автогендік	ɑftɑkɛndɯk
автодүкен	aftɑdʊkæn
автокөлік	ɑftɑkʏlɪ̞k
автоматтық	aftɑmɑtːɑt
автономия	ɐftɐnomʲɪjə
авторлық	ɑftɯrlɯq
автоспорт	aftɐsport
автохтондық	ɐvtɐxtondɯq
агава	ɐgavə
агентте	ɑgʲentˈte
агентті	ɑgʲentˈti
агенттің	ɑgʲentˈtɪŋ
агенті	ɑgʲɪntɪ
агентім	ɑgʲɛnˈtɪm
агентімін	ɑgʲɛntɪˈmɪn
агентін	ɑgʲɪtɪn
агронұсқау	agrɔnusqɑw
ад	ɑd
адай	adaj
адал	aðau
адал	ɑˈdɑɫ
адалдану	adɑldɑno
адалдық	aðɑɫdɯt
адалсыну	atɑɫsnu
адам	adam
адам	ɑˈdɑm
адамадары	ɑdɑmɑˈdɯrɯ
адамбыз	ɑdɑmˈbɯz
адамда	ɑdɑmdɑ
адамдар	adamdɑ
адамдар	ɑdɑmdɑr
адамдарды	ɑdɑmdɑɾdɑ
адамдармен	ɑdɑmdɑrmʲɪn
адамдары	ɑdɑmdɑrɯ
адамдарым	ɑdɑmdɑˈrɯm
адамдарымның	ɑdɑmdɑrɯmɯnɯ
адамдарыңа	ɑdɑmdɑɾɯŋɑ
адамдарыңды	ɑdɑmdɑɾɯŋdɯ
адамдарға	ɑdɑmdɑrɣɑ
адамдық	ɑdɑmdɯm
адамзат	aðɑmzæt
адаммен	ɑdɑmˈmɛn
адаммын	ɑdɑmˈmɯn
адамнан	ɑdɑmnɑn
адамның	ɑdɑmˈnɯŋ
адамсың	ɑdɑmsɯŋ
адамсыңдар	ɑdɑmsɯŋdɑr
адамға	ɑdɑmʁɑ
адаса	ɑdɑsɑ
адастыру	adastɾu
адвокат	advakat
аденозин	ɐdɛnɐzʲin
адеп	ʔɑdɪp
адмирал	ɐdmʲɪraɫ
адрес	adrʲɪs
адрон	ɐdron
адъютант	ɐdjʊtant
адырайту	atrajtu
адырсыз	ɑdɯɾsɯz
ажал	aʃau̯
ажал	ɑʒɑɫ
ажалдай	əʃaɫtaj
ажалды	aʐaɫdʊ̞
ажар	ɑʒɑɾ
ажарланған	ɑʒɑrɫɑŋkɑn
ажарлылық	ɑʒɑrɫɯ̞ɫʊ̞q
ажарсыз	aʒaɾsɯz
ажыраталмай	ɑʒɯɾɑtɑɫmɑj
ажырату	aʒratu
аз	ɑz
аз-аздан	azazdan
азабын	ɑzɑbɯn
азайту	ɑzɑjtum
азайтылу	azæjdɛlu
азамат	azamat
азамат	ɑzɑmɑt
азамат	ɑzɑˈmɑt
азаматпын	ɑzɑmɑtˈpɯn
азаматтық	ɑzɑmɑtɯq
азан	azɑm
азап	azap
азап	ɑzɑp
азапталу	ɑzɑptɑlu
азаптанған	ɑzɑptɑnɢɑn
азарланған	ɐzɐrɫɑnɢɑn
азасыз	azɑˈsɯz
азаттық	ɑzɑtˈtɯq
азбар	asbar
аздап	ɑzˈdɑp
аздыру	azdrˈu
азиаттарды	ɑzʲiɑtːɑɾdɯ
азиаттарға	ɑziɑtːɑrɑ
азимут	ɑzʲɪmuwt
азотталу	azotːɐlu
азшылық	ɑzʃɯɫɯq
азып	ɑzɯp
азып-тозу	azɯptozu
азық	ɑzɯq
азық	ɑːzɯk
азғана	ɑsɢɑnɑ
азғана	ɑzɣɑnɑ
азғындану	azɣɯnˈdɑnu
азғындау	azɣɑmdaʊ
ай	aj
айбалта	ajbol̪t̪a
айбарлы	ɑjbɑrɫɯ̞
айбат	əipət
айбаттану	æjbɑtːɑnʊ
айбатты	əjbɑtːɯ̞
айбынбау	ajbɯŋbal
айбынды	ajbɯnˈdɯ
айда	ajda
айда	ajdɑ
айдай	ɑ̝jdɑ̝j
айдайсың	ajdajsɯŋ
айдалу	ajdaɫu
айдалуда	ajdɑɫʊdɑ
айдама	ajdɑma
айдап	ajdap
айдар	ɑˈjðɑr
айдасу	ajdɑsu
айдауыл	ajðɑuɫ
айдағаныңды	ajdɑɣɑŋɯndɯ
айдаһар	ajdɑˈhɑr
айдаһарды	ajdɑhɑrdɯ
айдаһардың	ajdɑhɑrdɯŋ
айдаһарға	ajdɑhɑrɣɑ
айди	ajdi
айдындану	əjd̪ɯndɑnu
айкидо	aikido
айландырып	ajlɑndɯˈrɯp
айлар	ajˈlɑr
айларда	ajlɑrdɑ
аймағы	ajmɑɣɯ
аймақта	ajmaχtə
аймақтың	ajmɑqˈtɯŋ
айна	ajna
айналада	ajnalɑdɑ
айналайын	ajnalajɯn
айналайын	ajnɑɫɑjɯn
айналамның	ajnalɑmˈnɯŋ
айналасың	ajnɑlɑˈsɯŋ
айналатын	ajnalɑtɯn
айналдырайын	ajnaldɯrajɯn
айналдырам	ajnaldɯɾam
айналдыратын	ajnalˈdɯrɑtɯn
айналдырды	ajnaldɯrdɯ
айналдырып	ajnalˈdɯrɯp
айналмайсың	ajnalmajˈsɯŋ
айналып	ajnɑɫɯp
айналысатынымды	ajnalɯsɑtɯmˈdɯ
айналыспаймын	ajnalɯspajmɯn
айналысуым	ajnalɯsujm
айналысқанмын	ajnalɯsqanmɯn
айналған	ɑjnaɫʁɑn
айныдық	ajnɯðɯq
айт	ajt
айта	ajˈtɑ
айта	həjtɑ
айтады	ajtadɐ
айтады	ajtɑdɯ
айтайын	ajtaˈjɯn
айтам	ajˈtɑm
айтамыз	ajtɑmɯz
айтамын	ajtɑmɯn
айтамың	ajtɑˈmɯŋ
айтарым	ajtɑrɯm
айтарымды	ajtɑrɯmdɯ
айтарыңыз	ajtɑɾɯŋɯz
айтасыз	ajtɑsɯz
айтасың	ajtɑˈsɯŋ
айтатындығымды	ajtɑjndɯɣɯmdɯ
айтатынын	aːjtɑtɯnɯn
айтпа	ajtpa
айтпай	ajtpaɪ
айтпаймын	ajtpajmɯn
айтпайсың	ajtpaɪsɯŋ
айтпасқа	ajtpaʃqɑ
айтпақшы	ajtpaqʃɯ
айтпақшымын	ajtpaqʃɯmɯn
айтсам	ajtsam
айтты	ajtɯ
айттың	ajtɯŋ
айттыңыз	ajtɯŋɯz
айтудан	ajtʊdɑn
айтуым	ajtujm
айтуынша	ajtujenʃɑ
айтуың	ajtuɯŋ
айтуға	ajtuʁa
айтшы	ajtʃɯ
айтылым	ajtɯ̞ɫʊ̞m
айтылған	ajtɯɫɣɑn
айтып	ajˈtɯp
айтыс	ɑjtəs
айтыңыз	ajtɯŋɯz
айтыңызшы	ajtɯŋɯʃ
айтқан	ajtqɑn
айтқанда	ajtqɑnˈdɑ
айтқандай	ajtqɑnˈdaj
айтқанмын	ajtqɑnˈmɯn
айтқаны	ajtqɑnɯ
айтқанымдай	ajtqanɯmdaj
айтқанымды	ajtqɑnɯmdɯ
айтқанын	ajtqɑnɯn
айтқым	ajtqɯm
айтқысы	ajtqɯsɯ
айтқыңыз	ajtqɯŋɯz
айыптап	ajɯptɑp
айыптағың	ajɯptɑˈʁɯŋ
айыр	ɑjɯr
айыру	aiɾu
айырылдым	ajɯrɯɫdɯm
айғайсыз	ajɾaɪsɯz
айғақ	ʔɑjʁɑq
айғақсыз	ɑjɢɑqsɯz
айғыздау	ajɢɯzdaʊ̞
айқайлама	ajqajlɑmɑ
академик	ɐkɐdʲemʲɪk
академиялық	ɐkɐdʲemʲɪjəɫəq
аквариум	ɐkvarʲɪʊm
аккордеон	ɐkərdʲɪon
аккредитив	ɐkrʲɪdʲɪtʲif
аккумулятор	ɐkʊmʊlʲatər
акриламид	ɐkrʲɪlɐmʲid
акробат	akrabat
акробатика	ɐkrɐbatʲɪkə
актёр	ɐktʲɵr
ал	au
ал	ɑɫ
алады	alaːn
алады	ɑlɑdɯ
алайын	ɑɫɑjɯn
аламыз	ɑlɑmɯz
аламын	ɑlɑmɯn
аларсың	ɑlɑrsɯŋ
аластау	ɑɫɑstɑw
аласыз	ɑlɑsɯz
аласың	ɑɫɑˈsɯŋ
алатын	ɑlɑˈtɯn
алатыныңды	ɑɫɑtɯŋɯdɯ
алаяқ	æɫæjɑq
алақай	ɑlɑqɑj
алақан	ɑɫɑqɑn
алаң	alaŋ
алаң	ɑɫɑŋ
алаңдата	ɑlɑŋdɑtɑ
алаңсыз	ɑlɑŋsɯz
албания	ɐlbanʲɪjə
албасты	ɑɫmɑstɯ
алгебра	algʲɪbrə
алгоритм	ɐlgɐrʲitm
алдамасаңшы	ɑɫdɑmɑsɑŋʃɯ
алдап	ɑɫˈdɑp
алдақашан	ɑɫdɑqɑʃɑn
алды	ɑɫˈdɯ
алдымен	ɑldɯmin
алдымен	ɑɫdɯˈmʲɪn
алдымызға	ɑɫdɯmɯzɣɑ
алдында	ɑɫdɯnˈdɑ
алдыртты	ɑɫdɯrtˈtɯ
алдыға	ɑɫdɯɣɑ
алдық	ɑɫˈdɯq
алдың	ɑɫˈdɯŋ
алдыңда	ɑɫdɯŋdɑ
алдыңыз	ɑɫˈdɯŋɯz
алдыңғы	ɑɫdɯŋɣɯ
алжапқыш	ɑɫʒɑpqɯʃ
алкалоид	alkɐloɪd
алкин	ɐlkʲin
алла	ɑɫː
аллельаралық	ɐlʲelʲɑrɑɫɯq
аллергия	ɐlʲɪrgʲiɪ̯ə
алло	ɑlːo
алма	ɑlmɑ
алма	ɑɫma
алмадым	ɑlmɑˈdɯm
алмадың	ɑlmɑˈdɯŋ
алмай	ɑɫˈmɑj
алмайды	ɑɫmɑjˈdɯ
алмаймыз	ɑɫmɑjˈmɯz
алмайсың	ɑɫmɑjsɯŋ
алмайсыңдар	ɑɫmɑjsɯŋdɑr
алмайтын	ɑɫmajdɯn
алмайтын	ɑɫmɑjtɯn
алмас	ɑlmɑs
алмас	ɑɫmaːs
алмасам	ɑlmɑsɑm
алмастыртпақшы	ɑlmɑstɯrtpɑqʃɯ
алмасуы	ɑlmɑsʉwɯ
алматы	aɫmatɑ
алматы	ɑɫmɑtə
алматы	ɑɫmɑtɯ̞
алмақшы	ɑlmɑqʃɯ
алмаңдар	ɑlmɑŋdɑr
алмаңыз	ɑlmɑɲɯz
алмұрт	almoɾt̪
алпразолам	ɐɫprəzɐɫam
алпыс	ɑlkʊ̞s
алсам	ɑɫˈsɑm
алты	ɑɫbi
алты	ɑɫtə
алты	ɑɫˈtə
алтын	ɑlˈtɯn
алтынмен	ɑɫtɯmʲɪn
алтыншы	altɯntʃɯ
алтыншы	ɑɫˈtɯnʃɯ
алтынын	ɑɫtəˈnɯn
алу	ɑˈɫʊ
алуда	ɑɫʊdɑ
алушы	ɑɫʊwʃɯ
алушы	ɑɫʊʃɯ
алуыңда	ɑɫʊɯŋdɑ
алуыңыз	ɑɫʊɯŋɯz
алуға	ɑɫʊʁɑ
алхамдулилла	alxamdʊwlʲɪlɑː
алхимия	ɐɫxʲimʲɪɪ̯ə
алхоры	ɑɫxɔrɯ̞
алынбайды	ɑɫɯ̞npajðʊ̞
алынды	ɑɫɯndɯ
алынған	ɑɫɯŋˈɣɑn
алып	ɑɫɯp
алыпсың	ɑlɯpˈsɯŋ
алыпты	ɑɫɯptɯ
алыс	fales
алыс	ɑɫɯs
алыған	ɑɫɯˈʁɑn
алыңдар	ɑɫɯŋdɑr
алыңыз	ɑɫɯŋɯz
алыңызшы	ɑɫɯŋɯʃɯ
альдегид	ɐlʲdɨgʲid
альпинизм	ɐlʲpʲɪnʲizm
альтруизм	ɐlʲtrʊizm
альянс	ɐlʲjans
алюминий	ɐlʲʉmʲinʲɪj
алған	lʁɑn
алғашқы	ɑɫɣɑʃqɯ
алғыр	ɑlɣɯr
алғырдай	ɑlɣɯɾdɑj
алғыс	ɑɫˈʁɯs
алғысымды	ɑɫɣɯsɯmˈdɯ
ам	aɾ
амал	ɑmɑɫ
амалым	ɑmɑˈɫɯm
амалын	ɑmɑˈlɯn
аман	ɑmɑn
аманат	ɑmɑnɑt
амангелді	ɑmɑngelði
амансыз	ɑmɑnsɯz
амансызба	ɑmɑnsɯzbɑ
аманыз	ɑmɑnɯz
аманымда	ɑmɑnɯmˈdɑ
амин	ɑmɪn
аминге	amiŋe
аммиак	ɐmʲɪak
ана	ana
ана	ɑnɑ
анам	ɑnɑm
анар	ãnɑr
анархизм	ɐnɐrxʲizm
анас	alas
анасымысыз	ɑnɑsɯmɯsɯz
анасын	ɑnɑˈsɯn
анасынан	ɑnɑsɯnɑn
анатомия	ɐnɐtomʲɪɪ̯ə
анау	anɑːu
анау	ɑnɑw
анашым	anaʃɨm
анаң	ɑnɑŋ
анаңды	ɑnɑŋdɯ
ангидрид	ɐngʲɪdrʲid
англиядағы	æŋglijɑɣɑɣɑ
анда	anta
анда	ɑnˈdɑ
андағы	ɑnˈdɑxɯ
андорра	andorra
анжелла	ɑnʒɪlˈlɑ
аниме	anʲimɛ
ансплантанты	ɑnspɫɑntɑntɯ
ант	ɑnt
антенна	ɐntɛnə
антибиотик	ɐnʲtʲɪbʲɪotʲɪk
антифриз	ɐnʲtʲɪfrʲiz
антоним	antɔnim
антрополог	ɐntrɐpoɫəg
антропология	ɐntrəpɐlogʲɪjə
антропологиялық	ɐntrəpɐlogʲɪjələq
антропометрия	ɐntrəpɐmʲetrʲɪɪ̯ə
антропонимика	ɐntrəpɐnʲimʲɪkə
анты	ɑnˈtɯ
антым	ɑntɯm
анық	ɑnɯq
анықтайсың	ɑnɯqtɑjsɯŋ
анықталған	ɑnɯqtɑɫˈɣɑn
анықтама	ɑnɯ̞qtɑmɑ
анықтама	ɑnʏqˈtɑmɑ
анықтамалар	ɑnʏqˈtɑmɑˌɫɑr
анықтамаларыңды	ɑnɯqtɑmɑɫɯɾɯŋdɯ
анықтап	ɑnʏqˈtɑp
ап	ɑp
апа	apa
апа	ɑpɑ
апай	ɑ̝pɑ̝j
апам	ɑpɑm
апамды	ɑpɑmdɯ
апан	apan
апар	ɑpɑr
апар	ɑpɑɾ
апарамыз	ɑpɑrɑmɯz
апарамын	ɑpɑrɑmɯn
апарасың	ɑpɑrɑsɯŋ
апарсын	ɑpɑrsɯn
апару	aparu
апару	ɑpɑrʊ
апаруға	ɑpɑɾʊʁɑ
апарып	ɑpɑrɯp
апасын	ɑpɑˈsɯn
апат	apat
апатай	apataj
апаңды	ɑpɑŋdɯ
апта	apta
аптада	ɑptɑdɑ
ар	ɑːr
ара	ɑrɑ
ара	ɑɾɑ
арабтар	ɑrɑβtɑr
арабтар	ɑɾaptɑɾ
аравияда	ɑrɑviʲɑdɑ
арада	ɑrɑdɑ
арал	ɑrɑl
арал	ɑrɑɫ
араласпай	ɑrɑlɑspɑj
араластырмаңыз	ɑrɑɫɑstɯrmɑŋɯz
аралық	ɑrɑɫɯq
арамтамақтар	ɑrɑmtɑmɑqˈtɑr
арамшөп	ɑrɑmʃøp
арамызда	ɑrɑmɯsˈdɑ
арасынада	ɑrɑsɯnɑdɑ
арасынан	ɑrɑsɯˈnɑn
арба	ɐrba
арбалет	ɐrbɐlʲet
аргентина	ɑrgʲɪntʰɪnɑ
арзан	arzan
арзан	ɑrˈzɑn
арккосинус	ɐrkkosʲɪnʊs
арккотангенс	ɐrkkɐtangʲɪns
арксеканс	ɐrksɛkəns
арксинус	ɐrksʲinʊs
арктангенс	ɐrktangʲɪns
арлы	aɾlɑ
арман	ɑrmɑn
армандап	ɑrmɑndɑp
армандар	ɑrmɑndɑr
арнайы	ɑrnɑjɯ
арналады	ɑrnɑˈɫɯdɯ
арналған	ɑrnɑɫˈʁɑn
арпеджио	ɐrpʲedʒɨo
артиллерия	ɐrtʲɪlʲerʲɪjə
артымда	ɑrtɯmˈdɑ
артымнан	ɑrtɯmˈnɑn
артымыздан	ɑrtɯmɯzdɑn
артын	ɑrˈtɯn
артық	ɑrˈtɯq
артыңа	ɑrtəŋɑ
артыңда	ɑrɯtɯŋdɑ
артқа	ɑrtqaa
артқа	ɑrtqɑ
артқы	ɑrtqɯ
аружан	ɑruʃan
арфа	arfə
археология	ɐrxʲɪɐɫogʲɪɪ̯ə
архитектор	ɑrçɪtɛktɘr
ары	ɑrɯ
арылу	ɑrɯˈɫʊ
арыс	ɑrɯz
арқалық	ɑɾqɑɫɯq
арқанды	ɑrqɑnˈdɯ
арқар	aɾkaɾ
арқасында	ɑrqɑsɯnˈdɑ
ас	ɑs
асады	ɑsɑdɯ
асар	assaɾ
асатаяқ	asatəjɑk
асау	aːsau
аскөк	ɑskøk
аспаздық	ɑspɑzɯq
аспап	ɑspɑp
аспект	ɐspʲekt
аспирантура	ɐspʲɪrɐnturə
аспиринді	ɑspiɾinˈdi
ассалаумағалейкум	asɐlawmaʕəlʲejkʊwm
ассалаумағалейкүм	asɐlawmaʕəlʲejkʉm
ассамблея	ɐsɐmblʲejə
ассимиляция	ɐsʲɪmʲɪlʲatsɨɪ̯ə
ассонанс	ɐsɐnans
ассоциация	ɐsətsɨatsɨjə
астам	ɑstɑm
астана	astana
астана	astona
астана	ɑstɑlɑ
астана	ɑstɑmɑ
астана	ɑ̝stɑ̝nɑ̝
астау	astau
астроном	ɐstrɐnom
астрономия	ɐstrɐnomʲɪjə
астрофизика	ɐstrɐfʲizʲɪkə
асты	astɯ
асты	ɑstɯ
астына	ɑstɯnɑ
астында	ɑstɯndɑ
астың	ɑstɯŋ
асхана	asxanɯ
асылмашы	ɑsɯlmɑʃɯ
асығуым	ɑsɯɣʊm
асығыспын	ɑsɯɣɯsɯpɯn
асық	ɑːstɯk
асықпаңдар	ɑsɯqpɑŋdɑr
асқабақ	ɑsqɑbɑq
асқазан	ɑsqɑzɑn
ат	ant
ата	ata
ата	ɑtɑ
атавизм	ɐtɐvʲizm
атадан	ɑtɑdɑn
атайды	ɑtɑjˈdɯ
атайтын	ɑtɑjˈtɯn
атайтынын	ɑtɑjtɯnɯn
атаксия	ɐtɐksʲijə
аталатын	ɑtɑɫɑtɯn
аталғанын	ɑtɑɫɣɑˈnɯn
атамекен	atamɛqen
атамын	ɑtɑmɯn
атанды	ɑtɑndɯ
атап	ɑtɑp
атасымын	ɑtɑsɯˈmɯn
атаусыз	atawˈsɯz
атаға	ɑtɑɣɑ
атбасар	atmɑsɑr
атлас	atləs
атом	ɑtom
атомаралық	ɑtomɑrɑɫɯq
атропин	ɐtrɐpʲin
аттас	ɑtːɑs
атттарыңды	ɑtːtɑrɯŋdɯ
атты	ɑtːɯ
аты	ɑtɯ
атым	ɑtɯm
атымды	ɑtɯmˈdɯ
атымыз	ɑtɯmɯz
атып	ɑtɯp
атырау	atrau
атырау	ɑtərɑw
атың	ɑˈtɯŋ
атқарады	ɑtqɑrɑdɯ
атқаруға	atqaɾuɣa
ауа	ɑwɑ
аудармашы	ɑwdɑrmɑʃɯ
аударуда	ɑwdɑɾʊdɑ
аударған	ɑwdɑrˈʁɑn
аузын	ɑwˈzɯn
аузыңды	ɑwzɯŋdɯ
аулайды	ɑwɫɑjˈdɯ
аура	aʊrə
ауру	ɑwˈɾʊ
ауруды	ɑwɯɾɯ
аурумен	ɑwɾumen
аурухалар	ɑwɾuhɑɫɑɾ
аурухана	ɑu̯ruːχɑnɑ
аурухана	ɑwɾʊχɑnɑ
ауруханада	ɑwɾʊχɑnɑdɑ
ауруханасы	ɑwɾuhɑnɑsɯ
ауруханасына	ɑwɾuhɑnɑsɯnɑ
ауруханаға	ɑwɾʊχɑnɑɣɑ
ауруы	ɑwɾʊw
ауруына	ɑwɾyˈjɑ
аустенит	ɐʊstɛnʲit
аутизм	ɐʊtʲizm
ауф	ɑwf
ауыз	auz
ауыз	ɑwɯz
ауыл	ɑwɯɫ
ауылдағы	ɑwɯɫdɑɣɯ
ауылдық	ɑwɯɫdɯ̞q
ауылымда	ɑwɯləmdɑ
ауылға	ɑwɯɫə
ауыр	auɾ
ауыр	ɑwɯr
ауырады	ɑwɯˈrɑdɯ
ауырасың	ɑwɯrɑsɯŋ
ауырды	ɑwɯɾdɯ
ауырттың	ɑwɯrtɯtɯŋ
ауыруына	ɑwɯɾɯjˈnɑ
ауыруың	ɑwɯɾʊɯŋ
ауырып	ɑwɯˈrɯp
ауысамыз	ɑwɯsɑmɯz
ауыстыру	ɑwɯstɯɾʊ
ауыстыруға	ɑwɯstɯɾʊʁɑ
ауытқушылықтардың	ɑwɯtqʊʃɯɫɯqtaɾɯŋ
африка	ɑfɾɪkɑ
африкада	ɑfɾɪkɑdɑ
африкан	ɑfɾɪˈkɑn
африкандықтар	ɑfɾɪkɑndɯqtɑɾ
африкаға	ɑfɾɯkɑɣɑ
ацепромазин	ɑtsɪprɑmɑzɪn
ацетилен	ɐtsɨtʲɪlʲen
аш	aʃ
аш	ɑʃ
ашайық	ɑʃɑjɯq
ашаршылық	ɑʂɑɾʃɯɫɯ
аштым	ɑʃˈtɯm
аштық	ɑʂtɯ̞q
аштық	ɑʃtɯq
аштық	ɑʃˈtɯq
ашу	pɑʃu˥˩
ашу	ɑʃʊw
ашылған	ɑʂɯ̞ɫʁɑn
ашына	ɑʃɯˈnɑ
ашытқы	ɑʂɯ̞tqʊ̞
ашығып	ɑʃɯɣɯp
ашық	ɑʃɯq
ашыңдар	ɑʃɯŋdɑr
ашыңыз	ɑʃɯŋɯz
ашқан	ɑʃqɑn
ащы	ɑɕɯ
аягөз	ajɑgɯz
аягөз	ɑjɑguz
аяз	ɑjɑz
аялау	ajɑlɑʊ̞
аялдама	ɑjɑɫdɑmɑ
аялдаманы	ɑjɑldɑˈmɑnɯ
аямайды	ɑjɑmajˈdɯ
аян	ɑjɑn
аянышты	ɑjɑnɯʃtɯ
аяудың	ɑjɑwdɯŋ
аяқ	ɑjɑq
аяқта	ɑjɑqˈtɑ
аяқтарыңның	ɑjɑqtaɾɯŋŋɯ
аяқтау	ajʝɑqtɑu̯
аяққа	ɑjɑqˈqɑ
ағай	agaj
ағайын	ɑˈʁɑjɯn
ағайындас	aɣaindas
ағайыншыл	ɑʁɑjɯ̞nʂɯ̞ɫ
ағарту	ɑʁɑrtu
ағатай	aɣatai
ағаш	ɑɣɑʃ
ағашат	ɑgɑʃɑt
ағаштану	ɑʁɑʂtɑnu
ағашқа	ɑɣɑʃqɑ
ағза	ɑʁzɑ
ағза	ʔaqza
ағзалық	æqzɑɫɯ̞q
ағылшын	ɑɣɯɫʃɯn
ағылшындарды	ɑɣɯɫʃɯndɑɾdɯ
ағылшынша	ɑɣɯɫʃɯnʃɑ
ақ	ɑq
ақбөкен	aqbɵkɪ̞n
ақиқат	ɑqɯjqɑt
ақкөңіл	ɑqkøŋɪl
ақмола	aqmola
ақпан	ɑqbɑn
ақпарат	ɑqpaːrɑt
ақпарат	ɑqpɑrɑt
ақпарат	ɑqpɑˈrɑt
ақсақал	ɑqtɑqɑl
ақсу	aqsu
ақтау	ɑqtɑu
ақтау	ɑqtɑw
ақтау	ɑqˈtɑw
ақтөбе	aktoba
ақтөбе	aqtøbɛ
ақтөбе	aqtɯpɪ
ақтөбе	ɑqtɵbʲe
ақуыз	aʁˈoz
ақшаны	ɑqʃɑnɯ
ақылдастым	ɑqɯɫdɑstɯm
ақылды	aqɯ̞ɫdʊ̞
ақылдым	ɑqɯɫdɯm
ақылсыз	ɑqɯlsɯz
ақылы	ɑqɯˈlɯ
ақымақ	ɑqmɑq
ақымақ	ɑqɯˈmɑq
ақын	aqn
ақыры	ɑqɯˈrɯ
ақысына	ɑqɯsɯnɑ
ақыт	ɑqɯt
ақытты	ɑqɯtˈtɯ
ақытым	ɑqɯtɯm
ақытыңызды	ɑqɯtɯŋɯzdɯ
аққұба	ħɑqqɑːba
аңсау	aŋsau
аңшылауға	ɑŋʃɯɫɑwɑ
аңшылауғы	ɑŋʃɯɫɑwɯ
аңға	ɑŋˈɣɑ
аңқау	ankau
ба	ɑ
бадди	badi
базальт	bɐzalʲt
базар	päzɑr
базарлық	bazɑrˈɫɯq
бай	bɑ̝j
бай	bˈaɪ
байдарка	bɐjdarkə
байланыс	baɯlɑnɯs
байланысты	baɪlaˈnɯstɯ
байланыстырасыз	baɯɫɑnɯstɯɾɑsɯz
байлауышты	baɪɫɑwɯʃˈtɯ
байлығын	baɯɫɯjɯqɯn
байлық	baɪˈɫɯq
байырғы	bɑjɯɾqɑn
байқамай	baɯqɑmɑj
байқамаппын	baɯqɑmɑpˈpɯn
байқап	baɯˈqɑp
байқаусызда	baɯqɑwsɯzˈdɑ
байқоңыр	bɑjqoŋɯr
бактерия	ˈbɑktɪrʲɪjə
бактериялар	ˌbɑktʲerʲiˈjɑɫɑr
бала	bala
бала	baɫɑ
бала	bɑɫɑ
бала-шаға	bɑɫɑʃɑʁɑ
балабақша	bɑɫɑbɑqʃɑ
баладан	baɫɑˈdɑn
балалар	baɫɑɫɑr
балаларына	baɫɑɫɑɾɯˈnɑ
балаларға	baɫɑɫɑrɣɑ
балама	baɫɑmɑ
балама	pɑɫɑma
баламды	baɫɑmdɯ
баламен	baɫɑˈmɛn
баланы	baˈlɑnɯ
баланының	baɫɑnɯˈnɯ
баланың	balaˈnɯŋ
балапан	bäɫapɑn
балапан	bɑɫɑpɑn
балапаным	baɫɑpɑˈnɯm
баласы	baɫɑsɯ
баласың	baɫɑˈsɯŋ
балаға	baɫɑʁɑ
балақай	balaqaɪ
балақайлар	baɫɑqɑjˈlɑr
балаңыз	baɫɑˈnɯz
балаңызда	baɫɑŋɯzˈdɑ
баллада	bɐɫadə
балта	alta
балға	bɑɫɣɑ
балқаш	bɑɫqaʂ
банда	bandə
банк	bank
банк	baŋk
банкнот	bɐnknot
банкрот	baŋkroːt
бар	baɾ
бар	bˈaɾ
бара	bara
барады	baraːdɯ
барайын	baɾajˈjɪn
барайықшы	baɾajɯqʃɯ
барам	baˈram
барамыз	baɾamɯz
барамын	baramɯn
барар	baɾɑr
барасың	baɾasɯŋ
барасыңдар	baɾasɯŋˈdɑr
баратын	baratɯn
барбадос	bɐrbadəs
барды	baɾˈdɯ
бардың	baɾˈdɯŋ
барлап	baɾˈlɑp
барлығы	bɑrɫɑɣʊ̞
барлығын	baɾɫəˈʁɯn
барлығыңа	baɾɫəɣəˈnə
барлықтарыңыз	baɾɯqtaɾɯŋɯz
барма	baɾˈmɑ
бармадың	baɾmɑˈðɯŋ
бармайды	baɾmaɪˈdɯ
бармаймын	baɾmaɯmɯn
бармайсың	baɾmajsɯŋ
бармағаның	baɾmaɣaˈnɯŋ
бармағыңызды	baɾmɑɣɯŋɯzdɯ
бармақ	bɑrma
барсын	baɾˈsɯn
барсың	baɾˈsɯŋ
барсін	baɾˈsɪn
бару	baru
бару	varu
баруыма	baɾujma
баруыңыз	barujɯŋ̊
баруға	baruɣa
баршы	baɾˈʃɯ
барын	baˈrɯn
барып	baɾɯp
барысында	bɑrɯzsɯndɑ
барыңдар	baɾəŋdɑr
барған	baɾˈʁɑn
барғанды	baɾˈʁɑnˈdɯ
барғаным	baɾʁɑnɯm
барғың	baɾɣɯŋ
барқыт	maɾqit
бас	pas
бас	ˈbɑs
баскетбол	bəskʲɪdbol
баспасөзі	ˈbɑspɑsøˈzɪ
бассаңдар	ˈbɑsːɑɴdɑr
бассейні	ˈbɑsːejni
бассейнінде	ˈbɑsːejniːnˈde
бастады	ˈbɑstɑdɯ
бастадың	ˈbɑstɑˈdɯŋ
бастадыңдар	ˈbɑstɑjɯŋdɑr
бастайды	ˈbɑstɑjˈdɯ
бастаймыз	ˈbɑstɑjmɯz
басталсын	baˈtɑɫsɯn
басталу	bastaɫo
бастамасы	bastɑmasɑ
бастан	astan
бастап	baˈstɑp
бастау	bast̪aw
бастау	ˈbɑstɑw
бастауға	ˈbɑstɑwɑ
бастағанда	ˈbɑstɑʁɑnˈdɑ
басты	ˈbɑstɯ
бастысы	bastɯsɯ
бастысы	ˈbɑstɯsɯ
бастықпен	ˈbɑstɯqpɛn
бастықты	ˈbɑstɯqtɯ
басшыңыз	ˈbɑsʃɯŋɯz
басы	ˈbɑsɯ
басым	baˈsɯm
басымды	basɯmˈdɯ
басын	baˈsɯn
басына	baˈsɯnə
басынан	basɯnan
басында	baˈsɯnˈdɑ
басып	baˈsɯp
басып	bɑːrsɯp
басқа	ˈbɑsqɑ
басқалары	baʃqɑlɑˈrɯ
басқаларын	baʃqɑɫɑˈrɯn
басқармасы	baʃqɑrmɑsɯ
басқармақшы	baʃqɑrmɑqʃɯ
басқару	baʃqɑrʊ
басқарып	baʃqɑˈrɯp
басқасына	baʃqɑˈsɯnɑ
басқаша	baʃqɑʃɑ
батарея	batɛˈrijə
батпақ	batpaq
баттың	ˈbɑtːɯŋ
батыл	baˈtɯɫ
батып	baˈtɯp
батыр	batar
батыс	batas
батыс	baˈtɯs
бауыр	bauɾ
бауыр	baʊɯr
бауырмалдық	bɑwʊrmɑɫdɯq
бауырын	baʊɯˈrɯn
бауырыңа	baʊɯˈrɯŋa
бахрейн	bɐxrʲejn
баянды	βɑjɯ̞ndɯ̞
баяу	bajau
баяғыда	bajɑɣɯda
баға	baˈɣa
бағаламаппын	baɣɑlɑmɑpɯn
бағалы	baɣɑɫɯ
бағана	baɣɑnɑ
бағбан	bɑɣbɑn
бағдарламалық	bɑɣdɑrɫɑmɑɫɯq
бағдаршам	bɑɣdɑrʃɑm
бағындыру	baɣɯndɯrʊ
бағыт	baɣɯt
бағыңды	baˈɣɯŋdɯ
бақ	bɑq
бақа	bɑqɑ
бақалардың	baqɑɫɯɾɯŋ
бақсыға	baqsɯʁɑ
бақташы	bɑqtɑʃɯ
бақырайтып	baqɯraɯˈtɯp
бақыт	pɑqˈit
бақытты	baqɯtˈtɯ
бақыттымын	baqɯtːɯmɯn
бе	be
беде	bede
беделіңе	bedelɪŋe
безгек	be̞sˈgek
безгің	be̞zgɯ̞ŋ
бей	bˈeɪ
бейбақ	bejˈbɑq
бейнемізді	bejnenimɪzdɪ
бейнеттенем	bejnettenem
бейсбол	bʲɪjzbol
бейшара	bejʃɑrɑ
бейім	βeim
бейімделу	biːjimdetu
бейәдеби	bejædebɘj
бек	bʲek
бек	bʲe̞kʰ
бекер	beˈkɘr
бекер	biːkeɾ
бел	βɘɫ
белгілі	beɫɣɯˈli
белгілі	bɪ̞ɫgʏ̞lɪ̞
белгісіз	beɫɣɯˈsɯz
белес	piliːs
беллфлауэр	βɘɫfɫɑwɘr
беліңді	beˈlɪŋdɪ
бен	ben
бензин	benˈzɪn
бер	ber
бер	bjer
бергем	beɾˈgem
берген	beɾˈgen
бергенді	beɾgenˈdɯ
бергенсіз	beɾge̞nsɯ
бергенсің	beɾge̞nsɪ̞ŋ
бергенің	be̞ɾge̞ˈniŋ
бергеніңізді	be̞ɾge̞niŋɨzˈdɨ
бергім	beɾgɪm
берді	berˈdi
бердің	beriŋ
береді	beredi
береді	bʲirɛdɪ
берейін	beɾejin
береке	beɾɛjke
берем	berem
береміз	beɾemiz
беремін	beremɪn
бересіз	be̞ɾe̞sɪ̞s
бересің	be̞ɾe̞ˈsiŋ
берет	bʲɪrʲet
берешек	beɾeʃek
бермеген	bʲirmɛjgæn
бермей	beɾˈmej
бермейді	bermɛjˈdi
берсеңші	beɾsɪŋʃɪ
берсін	βɘrˈsɘn
беруге	beˈruɣe
берудеміз	beɾʉdeˈmɪz
беруді	berʊˈdi
беруің	beɾuj
берші	berʃi
бері	beri
берілетін	beriletin
берілме	beɾɪlˈme
беріп	beˈrip
беріпті	beˈripti
беріңіз	beɾiŋɪz
беріңізші	beɾiŋɨʃi
бес	bes
бет	bʲe̞tʰ
бетон	beˈton
бетон	bʲɪton
бетпақ	βetˈpɑq
бетін	beˈtin
бетінше	βetɪnʃe
би	bʲij
биатлон	bʲɪɐtɫon
бидай	bɪjdɑj
бие	bʲije̞
бизон	bizoːn
бикини	bʲɪkʲinʲɪ
билеттері	biletteri
биология	bʲɪɐɫogʲɪɪ̯ə
бихевиоризм	bʲɪxʲɪvʲɪɐrʲizm
биші	biʃi
биік	bʲijɪ̞k
бланк	blank
бо	bo
боггз	boɣːz
бозарып	bozɑrɯp
бозбала	kozbɑɫa
бойы	bojɯ
бойымен	bojɯˈmen
бойынша	bojɯnʃa
бол	bol
бола	bola
болады	bolɑdɯ
болам	bolɑm
боламын	boɫɑˈmɯn
болар	boˈɫɑr
боларсың	bolaɾsəŋ
боласыздар	bolɑsɯzdɑr
боласың	bolɑˈsɯŋ
болатынмын	bolɑtɯmɯn
болатынын	bolɑtɯnɯn
болашағының	boɫɑʃɑɣɯˈnɯ
болашақ	bolaʃaq
болашақта	bolɑʃɑqˈtɑ
болағн	bolaʁn
болды	boldɯ
болды	bɔɫdɯ̞
болдым	boldɯm
болдың	bolˈdɯŋ
болжау	bolʒɑw
болма	bolmɑ
болмады	bolmɑdɯ
болмайды	bolmɑjdɯ
болмайды	olmajdɯ
болмайтын	bolmajˈtɯn
болмасын	bolmɑsɯn
болмауым	bolmɑjym
болмаған	bolmɑˈʁɑn
болмағанда	bolmɑˈɣɑndɑ
болмағанымда	bolmɑɣɑnɯmda
болмақ	bolˈmɑq
болмаңыз	bolmɑŋɯz
болмысы	bolmɯsɯ
болса	bolsɑ
болсам	bolsam
болсақ	bolsɑq
болсаң	bolˈsaŋ
болсаңыз	bolsɑŋɯz
болсын	bolsɯn
болсын	bɔːsɨm
болу	bɔːl
болуды	bolʊdɯ
болуым	bolojum
болшы	bolʃɯ
болыппа	boɫɯpˈpɑ
болыпты	boləptɯ
болыңдар	boləŋdɑr
болыңыз	boɫəŋɯz
болған	bolɣan
болғанда	bolɣɑndɑ
болғандар	bʊ̞ɫʁændær
болғанды	bolɣɑndɯ
болғандықтан	bolɣɑnˈdɯqˈtɑn
болғансың	bolɣɑnsɯŋ
болғанша	boɫɣaɲʃa
болғаны	bolʁɑnɯ
болғаным	bolɣanɯm
болғанымыз	bolɣanɯmɯz
болғанына	bolɣanɯna
болғыларың	bolɣɯlaˈrɯŋ
болғым	bolɣɯm
болғысы	bolɣɯsɯ
болғың	bolɣɯŋ
болғыңыз	boɫɣəŋɯz
бонни	boni
боны	boˈnɯ
боп	βop
бопты	boptɯ
боралдай	borɑldɑj
боран	borɑn
бос	bos
бос	βoʃ
босатты	bo̞sɑtːɯ
босатылды	bo̞sɑtɯɫdɯ
босатылып	bo̞sătɯ̆lɯ̆p
босатыңдар	bo̞sátɯŋdɑr
боссыңдар	boˈsɯŋdɑr
бостандығы	boʃtandɯɣɯ
бостандық	bɔstɑndɯk
босқа	boʃqɑ
ботам	botam
боқ	boq
бракман	brɑkmɑn
брдеңе	brdeŋe
бригадир	brʲɪgɐdʲir
британ	brʲitɑn
британдықсыз	brʲitɑnˈdɯqˈsɯz
британия	brʲitɑnʲiʝɑ
бруней	brʊnʲej
брунер	brʊˈnɛr
бульдозер	bʊlʲdozʲɪr
бума	buma
буржуазия	bʊrʒʊɐzʲijə
бутерброд	bʊtɨrbrod
бутербродты	butɪrbrodtɨ
былай	balaj
былай	ɯɫɑj
былық	byˈlɯq
былықтарды	byˈlɯqtarˈdɯ
бэннанды	benːɑnːdɯ
бэннандікі	benːandɪki
бэннанмен	benanmen
бэннанның	benːanːɯ
бюллетень	bʲʉlʲɪtʲenʲ
бюретка	bʲʉrʲetkə
бюро	bʲʊro
бюрократ	bʲʊrɐkrat
біз	bɪz
біз	βɯz
бізбен	biβbæn
бізге	biːzge
бізде	βɯzˈdæ
бізді	biˈzdi
біздің	biˈzɪŋ
бізідң	biˈzɪŋ
білген	biɫˈgen
білгенге	biɫgeŋe
білгің	biɫɣɯŋ
білдіреді	biɫdiɾeɾi
білдіремін	biɫdiredimɪn
білдірмей	biɫdɪrmɛj
білдіруді	biɫdiɾuɾi
білдің	biɫˈdɪŋ
білемін	bilemin
білесіз	bilesiːz
білесің	bilesiŋ
білесіңбе	bileˈsiŋbe
білесіңдер	bileˈsiŋdɘr
білетін	biletin
білетіндеймін	biletʲindejˈmin
білетінім	biletinim
білмегенсіп	biɫmege̞nsip
білмей	biɫˈmej
білмейм	biɫmej
білмейміз	biɫmæjˈmɪz
білмеймін	biɫmejˈmɪn
білмеймін	bɛlmiːjmin
білмейсіз	biɫmejˈsɯz
білмейсің	biɫmejˈsiŋ
білмеппіз	biɫmæpˈpɪs
білсе	biɫse
білсем	biɫsæm
білу	bɘlʉw
білуге	bɘlʉwgʲe
білуден	bɘlʉwdʲen
білуім	biluːm
білуіңіз	biɫʉiŋɨz
біліктілігіңізге	biɫɪkˈtɪlɪɣe
білімді	biˈlimdi
білімімді	bilimimdi
біліппін	bɘlɘppɘn
біліпті	bɘlɘptɘ
бір	biɾ
біраз	biˈrɑz
біратала	biɾɑtɑɫɑ
бірге	biɾgɛ
бірге	brɛgɛ
біргемін	biɾɣeˈmin
бірде	biɾde
бірдеме	biɾdeˈme
бірден	biɾˈdɪn
бірдеңе	biɾdeŋe
біреудің	biɾewˈdiŋ
біреуі	biɾewi
біржаққа	biɾʒɑqˈqɑ
бірлескен	biɾlesqen
бірнеше	biɾneʃe
бірнәрсе	biɾnæɾsɛ
біртүрлі	biɾtyɾˈli
бірі	biri
бірқалыпты	bɪ̞rqɑɫɯ̞ptɑ
бітетін	bitetin
біткен	bitken
бітті	biti
бітті	βɯ̞tːæ
бітуде	bitʊde
бітіруге	biˈtiruɣe
бүгін	byˈgin
бүгіннен	byˈgɪnen
бүгіп	byˈgɪp
бүкіл	bykiɫ
бүлдірген	buldirgen
бүлдірдің	buɫdɪrɪŋ
бүтін	bytin
бүіг	byj
бұдан	boˈdɑn
бұзады	buzɑdɯ
бұзау	bʊzɑw
бұзақылық	buzɑqɯˈlɯq
бұзды	buzdɯ
бұзушылықтар	buzuʃɯɫɯqtaɾ
бұйрығы	bujɯˈrɯqɯ
бұл	bol
бұл	buɫ
бұлар	buˈɫɑr
бұлардың	buɫɯɾɯŋ
бұлбұл	bʊɫbʊɫ
бұнда	bo̙nˈdɑ
бұндай	bo̙nˈdɑj
бұнымен	boˈnɯmen
бұның	buˈnɯŋ
бұрылма	buˈrəlmɑ
бұрылыс	buˈrəlɯs
бұрылыңыз	buˈrɯləˈɯz
бұрын	boræn
бұрын	buˈrɯn
бұрында	buɯrˈɯndɑ
бұрыннан	buˈrɯnːan
бұрынғы	buˈrɯŋɯ
бұрынғысы	buˈrɯŋɯsɯ
бұрып	buˈrɯp
бұрыс	boros
бұрыңғы	buˈrɯŋɣɯ
бұт	but
бұта	bʊtɑ
бұтақ	bʊtɑq
бұған	boɣɑn
бәз	βæz
бәйге	bejjɛ
бәлесің	be̞lesiŋ
бәліш	baliʃ
бәліш	beˈlɪʃ
бәлішті	be̞lɪʃtɪ
бәр	ber
бәрі	βæri
бәрін	berin
бәріне	beɾine
бәрінен	beriˈnɪn
бәрің	βæɾɪŋ
бәріңе	βæɾɪŋ
бөксесін	ˈbøksɪsɪn
бөксесінен	ˈbøksæsinɪn
бөлгеніме	bolgɛniˈmɛ
бөлесіз	bolɪˈsɪz
бөлме	bolˈmɘ
бөлме	bølmø
бөлмеге	bolmɛge
бөлмелеріңізге	bolmelerinizɣe
бөлмесі	bolmɛsi
бөлмесіне	bolmɛsɪnɛ
бөлу	bolˈu
бөлшек	bølʃøk
бөлшектері	bolʃekeˈteɾi
бөлшектерін	bolʃekteˈrin
бөлік	bølʏk
бөлім	bolɪm
бөліміміздің	boliːmimɪzɪŋ
бөліп	bolɪp
бөлісуіңізді	boliˈsuɪŋɪzdi
бөтен	bøtøn
бөтен	βøˈtɛn
вагон	vɐgon
вакуоль	vəkʊolʲ
вакцина	vɐktsɨnə
вакцинация	vəktsɨnatsɨjə
валторна	vɐltornə
ванна	ʋɑnːə
ваннаны	ʋɑnːɑnɯ
васваның	ʋɑsˈwɑnɯŋ
ватиканға	ʋɑtɪkɑŋɑ
ватт	vat
вашингтон	ʋɑʃɪŋˈtɑn
вашингтоннан	ʋɑʃɪŋˈtɑnːɑn
вебер	vʲebʲɪr
ведомство	vʲedəmstvə
вектор	vʲektor
веленанге	βelɪnɑŋge
вермишель	vʲɪrmʲɪʂɛlʲ
вилда	ʋildɑ
вирджиния	ʋɪrdʒɪnʲiʌ
вирус	vʲirʊs
вирусология	vʲɪrʊsɐlogʲɪjə
виски	vʲiskʲɪ
виски	ʋiskʲɪ
волейбол	vəlʲɪjbol
вотум	votʊm
гадолиний	gədɐlʲinʲɪj
газеттер	gɑˈzetər
галактика	gɐlaktʲɪkə
галерея	gəlʲɪrʲejə
галлюциноген	gəlʲʊtsɨnɐgʲen
галоген	gəlɐgʲen
галстук	gaɫstʊk
гангрена	gɐngrʲenə
гаражы	gɑrɑʃɯ
гардероб	gərdʲɪrob
гариган	gɑrɪˈɣɑn
гариганмен	ɣɑrɯɣɑnˈmɛn
гариганмын	gɑrɯɣɑnˈmɯn
гастроль	gɐstrolʲ
гастрономия	gəstrɐnomʲɪɪ̯ə
гаухар	gʊχɑr
гафний	gafnʲɪj
гватемала	gvətɨmalə
гексозаминдас	gɛksozɑmɪndɑs
гемоглобин	gʲɪməglɐbʲin
генерал	gɛnɛraɫ
геодезия	gʲɪɐdɛzʲɪjə
герц	gʲerts
гидравлика	gʲɪdravlʲɪkə
гидрид	gʲɪdrʲit
гидрография	gʲɪdrɐgrafʲɪɪ̯ə
гидроксид	gʲɪdrɐksʲid
гидролиз	gʲɪdrolʲɪz
гидромеханика	gʲidrəmʲɪxanʲɪkə
гимнаст	gʲɪmnast
гипербола	gʲɪpʲerbələ
гипноз	gʲɪpnoz
гистамин	gʲɪstɐmʲin
гистология	gʲɪstɐlogʲɪjə
глицерин	glʲɪtsɨrʲin
глобус	gɫobʊs
глюкагон	glʲʊkɐgon
глюкоза	glʲʊkozə
гном	gnom
гну	gnu
гоблин	goblʲɪn
годограф	gɐdogrəf
госпиталь	gospʲɪtəlʲ
госпитальда	ɣo̞spʲi̞tɑ̆ɫdɑ
госпиталі	ɣospitɑlʏ
гравитон	grəvʲɪton
градус	gradʊs
грамматика	grɐmatʲɪkə
гранит	grɐnʲit
грант	grant
граффити	grɐfʲitʲɪ
гректер	grekˈtɛr
грин	grɪn
гроссмейстер	grɐsmʲejsʲtʲɪr
гуаңжоу	gwɑŋdʒoʊ
губка	gupkə
гугл	guɣl
гүл	gʏl
гүлдер	ɣʏldɘr
гөрі	gʏ̞rʏ̞
да	da
дайын	dajɯn
дайын	dɑjɯn
дайынбысың	dajɯnbɯsɯŋ
дайындалыңыздар	daɪɯ̽ndɑɯ̽ɫɯŋɯzɯɾ
дайынсыз	dajɯnsɯz
дакота	dakotə
дала	naːla
далбаса	daɫbɑsɑ
дамыту	damɯtʊ
дана	dana
дара	dara
дармштадтий	dɐrmʃtatʲːɪj
даршын	dɑrʃɯn
дастархан	ˈdɑstɑrxɑn
дауыл	dɑwʊɫ
дауыс	daʊɯs
дауыс	dɑwʊs
дауысын	daʊsɯn
дауысқа	daʊɯsqɑ
даярмысыз	dajaɾmɯsɯz
даярмысың	dajɑrmɯsɯŋ
дағдарыс	dɑɣdɑrɯs
дағдарыссыз	dɑɣdɑrɯssɯz
дақпырт	dɑqfɯrt
даңқ	daŋq
де	ðe
деген	dʒegen
деген	ˈdegen
дегенге	denˈgeŋe
дегенде	ˈdegendɘ
дегендей	ˈdegendɛj
дегеннің	deniɲi
дегені	deni
дегенім	deniːm
дегенің	deniŋ
дегеніңіз	deniŋiz
дегің	ˈdeɣɪŋ
деді	ˈdʲedi
дедім	ˈdɛdɪm
дедіңіз	ˈdejdiŋiz
дей	ˈdej
дейді	ˈdɛjdi
деймін	dejˈmin
деймісің	dejmiˈsiŋ
дейсіз	ˈdɛjsɪz
дейсің	dejsɪŋ
дейсіңдер	dejˈsiŋdɪr
дейтін	dejˈtin
дейін	ˈdejɪn
делегация	dʲɪlʲɪgatsɨɪ̯ə
дем	ðæm
демалуға	ˈdʲemɑɫʊʁə
демалыс	demɑɫɯs
демалыста	demɑlɯstɑ
демеймін	ˈdʲemʲejmʲin
демейсіз	ˈdʲemʲesɪs
демі	ˈdemi
деміңді	ˈdemiŋdi
ден	den
дене	dene
денеге	denege
денелерін	deneleriɳ
денесіне	denjesine
денең	deneŋ
денсаулығы	densɑwɫɯɣɯ
денсаулық	densɑwɯɫɯq
деонтология	dɛəntɐɫogʲɪɪ̯ə
деп	ˈdɛp
деппедің	ˈdɛpːɘtɘŋ
дер	der
дереу	derɘw
десе	desʲe
деседі	desiːdɪ
десейші	desejʃi
десең	desɪŋ
деспотизм	dʲɪspɐtʲizm
десіп	desip
дефис	djefis
деші	ˈdeʃi
деңгей	denˈgej
деңгейін	dengejɪn
деңіз	denʲɪs
деңізші	deniʃʃi
джанджу	dʒɑnˈdʒu
джеральд	dʒeɾɑɫd
джо	dʒo
джозеф	dʒoˈzʲef
джой	dʒɔj
джолли	dʒɔlɯ
джона	dʒɔnɑ
джонада	dʒɔnɑdɑ
джонас	dʒɔnɑs
джонастың	dʒɔnɑsˈtɯŋ
джунджу	dʒundʒu
дзэнибаның	ʐænibɑˈnɯŋ
диагноз	daɪɑgˈnɔs
диагональ	dʲɪəgɐnalʲ
диалектика	dʲɪɐlʲektʲɪkə
диамагнетизм	dʲiəməgnʲɪtʲizm
диахрония	dʲɪəxrɐnʲiɪ̯ə
дизайн	dʲɪzajn
дизель	ˈdizʲɪlʲ
диктатор	dʲɪktatər
диктатура	dʲɪktɐturə
динозавр	dinɔzaw̜r
диод	dʲɪod
дирижабль	dʲɪrʲɪʒablʲ
дискотека	dʲɪskɐtʲekə
диспансер	dʲɪspɐnsɛr
дисплей	dʲɪsplɛj
диссертация	dʲɪsʲɪrtatsɨjə
дифтерия	dʲɪftʲɪrʲijə
диффузия	dʲɪfuzʲɪjə
доктор	doˈktoɾ
доктормын	doqtoɾmɯn
докторына	doqtoɾɯˈnə
долана	dolana
долырып	doloɾɯp
домна	domnə
донор	doˈnor
дос	dˈos
достар	dostɑɾ
достар	doˈstɑr
достарым	doˈstɑrɯm
достарымызға	dostaɾɯmɯzɣɑ
достарыңның	doʃtɑrɯŋˈnɯŋ
достық	dostɨk
досы	doˈsɯ
досым	doˈsɯm
досымсың	doˈsɯmsɯŋ
досың	doˈsɯŋ
досыңды	doˈsɯŋdɯ
доғар	doʁɑr
доғарыңдар	doʁɑrɯŋdɑr
доғарыңыз	doʁɑrɯŋɯz
драма	dramə
драматург	drəmɐturk
драматургия	drəmətʊrgʲiɪ̯ə
дуа	duɑ
дуаладым	duɑlɑdɯm
дуаны	duɑnɯ
дуаның	duɑˈnɯŋ
дубляж	dʊblʲaʒ
дубний	dubnʲɪj
дыбысын	ɯβɯsɯn
дым	ɯm
дэвид	ˈdæβɪt
дізесін	ˈdɪzɪsɪn
діл	ɖɪl
діни	ˈdɪnɪ
дірілдейсің	gɪrɪɫdʲeˈsɪŋ
дірілдеп	ɖɪrɪlˈdæp
дүкен	dʉ̞kø̞n
дүние	ˈdynje
дүниежүзілік	dʉnyjːeʒʉzʉɫik
дүниетаным	dʉnɨjetɐnɯm
дүршіккеннен	ɯɾʃɪkʲːe̞nːe̞n
дұрын	duˈrɯn
дұрыс	doˈrɯs
дұрыс	dʊrʊs
дұрыспысың	duˈrɯspɯsɯŋ
дұшпан	dʊʃpɑn
дұға	dʊɣɑ
дәл	den
дәл	ɘl
дәлел	ˈdæleɫ
дәлелдеймін	ðælældæjmɪn
дәлелдеп	ˈdælældæp
дәлірек	ˈdælirɪk
дәмдіге	daemdiɣe
дәмхана	dɛmxana
дәмқосар	dæmqosɑr
дәніне	danine
дәреже	ˈdæɾeʒe
дәрежелі	ˈdæɾeʒeli
дәретхана	ˈdæɾetχɑnɑ
дәртің	ðærtɯŋ
дәрі	dærɪ
дәрі	ˈdæɾi
дәрігер	dærɘgʲer
дәрігер	ˈdæɾiɣer
дәрігерге	ˈdæɾiɣɛɾɣe
дәрігердің	ˈdæɾiɣeɾiŋ
дәрігерлердің	ˈdæɾiɣerleɾiŋ
дәрігермін	ˈdæɾiɣɘrmɘn
дәрігерсіз	ˈdæɾiɣɘɾsɘz
дәрігерсің	ˈdæɾiɣɘɾsɘŋ
дәрігері	ˈdæɾigeɾi
дәрігерімді	ðæɾiɣeɾimˈdi
дәрігерімін	ˈdæɾiɣeɾimɪn
дәрігерісіз	ˈdæɾiɣeɾɪsɪz
дәрігеріңіз	ðæɾiɣeɾiŋiz
дәріні	ˈdæɾini
дәрінің	ðæriˈnʲiŋ
дәрісі	ˈdæɾɪsɪ
дәрісін	ˈdæɾɪsɪn
дәріханашы	dærɘxɑnɑʃɯ
дәтің	ˈdæteɪŋ
дөнен	døɲe
дөрекілік	dōrekílik
дөң	døŋ
е	ʲɛ
ебедейсізсің	jebɪɟesiˈsɪʃ
ева	jeˈβɑ
егер	jeger
егіз	jegɪz
еді	jedʲi
едік	jedɪk
едім	jedim
едің	jeːtiŋ
едіңіз	jedinɪz
едіңіздер	jedʲiŋɪzˈdɪr
ежелгі	jeʒelgɘ
ей	ej
ек	ɛk
екен	ɪkʲɪn
екенбіз	ɛkʲenˈbɪs
екендігін	ɪkʲɪndɪˈɣɪn
екендігіңді	ɪkʲɪndɪɣɪŋdɪ
екенмін	ɪkʲɪnˈmɪn
екенсің	ɪkʲɪnˈsɪŋ
екенін	ɪkɪˈnɪn
екенің	ɪkæˈnɪŋ
екеніңіді	ɪkæniŋɪdɪ
екеуі	jekewi
екеуіміз	jɪkɪwɪˈmɪz
екеуін	jekewɪn
екеуінде	jekewinde
екібастұз	jekɘbɑsto̙z
екінші	jeˈkɪnʃi
екіншісі	jeˈkɪnʃɪsɪ
елде	jelde
елден	jɪldɪn
еледің	jɪlɪˈdiŋ
елемей	jelemej
елорда	jelordɑ
елшісі	jæɫʃɪsɪ
ем	ɘm
емдеген	emdegen
емдеу	emdew
емдеуге	emdewge
емдеуін	emdewiːn
емді	emdi
емес	emes
емес	nɛmɛs
емеспе	ɘmɘspɘ
емеспін	emɪspɪn
емессіз	emɪsːɪz
емессің	emɪsɪŋ
еместей	emɪstej
емле	jemle
емнің	emˈnʏj
емспін	jɪmspɪn
емхана	emχɑnɑ
емхана	jemxɑnɑ
енген	jɪŋɪn
ендеше	endeʃe
енді	ɘndʲi
ендігі	ɘndɪɣɯ
ендігәрі	endʲiɣæri
енжар	iːndʒaɾ
ентебиге	jɛntɛbigɛ
ер	jer
ереже	ereʒe
ережелер	ereʒeˈler
ережені	ereʒeɲi
ерекше	erekʃe
ерке	iɾke
еркек	ɪɾkɪk
еркімен	jɜrkɪˈmɛn
еркін	ɪ̞rkɪ̞n
ертегі	jertegɘ
ертемен	jɪrtɪˈmɪn
ертең	jɘrtɘŋ
ертеңмен	jɘrtɘŋmɘn
еріп	erɪp
есебі	jɪsɪbi
есебімнен	jɪsɪbɪmˈnʲe
есептер	jɪsɪpˈtɪr
есептесем	jɪsɪpˈtɪsɪm
естерінде	jestɪrindɛ
естимісің	jɪstɪmisɪŋ
естисің	jɪsˈtɪsɪŋ
естуімше	jestuimʃe
естіген	jestʲiˈgen
естігіміз	jestʰiɣimiʑ
естідік	jestɪdɪk
естідім	jɪsteˈdim
естімей	jestimɛj
естімеймін	jɪstimɪmɪn
есуас	iswas
есікті	jɪˈsɪktɪ
есім	jɪ̞sɪ̞m
есіме	jesime
есімнен	jɪˈsɪmˌnʲɪn
есімі	jesimi
есімім	je̞si̞mi̞m
есімімді	jɪsɪmɪmˈdɪ
есіміңді	je̞simɪŋˈdi
есітіп	jɪsɪtɪp
есіңде	jeˈsɪŋdɛ
ет	et
етем	jetem
етеміз	jetemɪz
ететін	jetetɪn
еткім	etˈkim
еткіңіз	etkiŋɨz
етпейді	etpejdi
етпеймін	etpejˈmɪn
етпексіз	etpɛkˈsɯz
етпес	etpes
еттім	etˈtim
еттің	etːiŋ
етуіміз	etʊɪˈmɪz
етуіңе	etujɪŋe
еті	etɪ
етіп	etɪp
етіңіз	etɪŋɪz
етіңізші	jetɪŋɪʃːɪ
еш	jɪʃ
ешкі	jɪʃˈkɪ
ешкім	jeʃkim
ешкім	jeʃkɘm
ешкімге	jɪʃkɪmge
ешкіммен	jɪʃkɪmˈmen
ештеме	jɪʃtɪˈmɛ
ештеңеге	jeʃteŋege
ештеңеміз	jeʃteŋemiːz
ешқандай	jeʃqɑndɑj
ешқашан	jeʃqɑʃɑn
ешқашан	jɪʃqɑʃɑn
ең	jeŋ
ең	jɛn
еңбегіммен	jeŋbeɣimmen
ж	dʒ
жабатын	dʒɑbɑtɯn
жабуға	ʒɑβʊʁɑ
жабысқақ	ʒɑβɯsqɑq
жабық	dʒɑβɯq
жабыңдар	dʒɑβɯŋdɑɾ
жад	zæn
жаз	dʒɑz
жаза	dʒɑzɑ
жазам	ʒɑˈzɑm
жазамын	ʒazɑmɯn
жазбаған	dʒɑzβɑɣɑn
жазда	aʒazda
жаздадым	dʒɑzˈdɑdɯm
жаздаппыз	ʒɑzdɑpˈpɯz
жаздаппын	ʒɑzˈdɑpɯn
жаздағам	ʒɑzˈdɑɣɑm
жаздым	ʒɑzˈdɯm
жаздың	ʒɑzˈdɯŋ
жазу	ʒazo
жазылды	dʒɑzɯɫdɯ
жазылу	ʒazlu
жазылым	ɾɑzɑɫɑm
жазылыпты	ʒɑzɯɫɯptɯ
жазылған	dʒɑzɯɫɣɑn
жазым	dʒɑˈzɯm
жазыпсың	ʒɑˈzɯpsɯŋ
жазған	dʒɑzˈɣɑn
жай	ʒaj
жайдарман	zæjdærmɑn
жаймен	ʒajˈmen
жайында	ʒajɯnˈdɑ
жайып	ʒɑjɯp
жайға	ʒajˈʁɑ
жайғас	ʒajˈʁɑs
жайғастырады	ʒajɣɑstɯrɑdɯ
жаксы	ʃæqsɯ̞
жалақы	ʒɑɫɑqɯ
жалаңаш	ʒɑɫɑɲɑʃ
жалпы	ʒɑlˈpɯ
жалынды	ʒɑɫɯndɯ
жалған	ʒɑɫˈʁɑn
жалғастырмайды	ʒɑɫɣɑstɯrmɑj
жалғыз	ʒɑlɣɯz
жалқау	ʐɑɫqɑu
жаман	dʒɑmɑn
жаман	ʒɑmɑn
жаман	ʒɑˈmɑn
жамандық	ʒɑmɑndɯq
жаманы	ʒɑmɑnɯ
жамбас	ʃambas
жамбыл	ʒˈambəl
жамшит	ʒɑmˈʃɯt
жан	ʒɑn
жан	ʒɑ̝n
жанның	ʒɑnˈnɯŋ
жантану	dʒɑntɑnʊw
жануар	ʒɑnuɑr
жануарға	ʒɑnuɑɾə
жануда	ʒɑnʊˈdɑ
жаншып	ʒɑnʃɯp
жаным	ʒɑˈnɯm
жанымда	ʒɑˈnɯmˈdɑ
жанына	ʒɑnɯnɑ
жанында	ʒɑnɯnˈdɑ
жанындасың	ʒɑnɯndɑsɯŋ
жанындағы	ʒɑnɯndɑɣɯ
жанып	ʒɑnɯp
жаныңда	ʒɑˈnɯŋdɑ
жап	ʒɑp
жап	ʒˈap
жапалақ	ʒɑpɑɫɑq
жапония	ʐaponʲija
жар	ʒˈɑːr
жара	ʒɑrɑ
жарады	ʒɑrɑdɯ
жарадың	ʒɑrɑˈdɯŋ
жарай	ʒɑˈrɑj
жарайды	ʒɑˈrɑjdɯ
жарайсың	ʒɑrɑjsɯŋ
жарайсыңдар	ʒɑrɑjsɯŋdɑr
жараласың	ʒɑrɑlɑsɯŋ
жаралы	ʒɑrɑˈɫɯ
жарамды	ʒɑrɑmdɯ
жарамсыз	ʒɑɾaːmsɯz
жараң	ʒɑˈrɑŋ
жария	saria
жартас	ʒartas
жарық	ʒɑrɯq
жарық	ʒɑɾɯq
жарықты	ʒɑrɯqˈtɯ
жас	ʐas
жас	ʑɑs
жас	ʒɑs
жасады	ʃasaˈde
жасады	ʒɑsɑdɯ
жасадың	dʒɑsɑdɯŋ
жасай	ʒɑsɑj
жасаймын	ʒɑsɑjmɯn
жасайсың	dʒɑsɑjsɯŋ
жасайтын	ʒɑsɑjtɯn
жасайық	dʒɑsɑjɯq
жасалу	ʒɑsɑɫum
жасалған	ʒɑsɑɫˈʁɑn
жасамақшы	ʒɑsɑmɑqʃɯ
жасанды	ʒɑsɑndɯ
жасап	ʒɑsɑp
жасар	dʒɑsɑr
жасасам	ʒɑsɑsɑm
жасасын	dʒɑsɑsɯn
жасатам	dʒɑsɑtɑm
жасау	ʒɑsɑw
жасауың	dʒɑsɑwɯŋ
жасашы	ʒɑsɑʃɯ
жасаған	ʒɑsɑˈɣɑn
жасағансыңдар	dʒɑsɑɣɑnsɯŋdɑr
жасағым	ʒɑsɑɣɯm
жасаңыз	ʒɑsɑŋɯz
жаста	ʒɑsˈtɑ
жастар	ʒɑsˈtɑr
жастары	ʒɑstɑrɯ
жастарын	ʒɑstɑrɯn
жасуша	ʒɑsʊwʃɑ
жасы	ʒɑsɯ
жасымда	dʒɑsɯmˈdɑ
жасырмақшы	dʒɑsɯrmɑqʃɯ
жасыру	ʒaːsɾu
жасырып	ʒɑsɯɾɯp
жасыңыз	ʒasɑnos
жасқанбайды	ʒɑsqɑnbɑjˈdɯ
жатақхана	dʒɑtɑqχɑnɑ
жатақхана	ʒɑtɑqχɑnɑ
жатпайды	ʒɑtˈpɑjˈdɯ
жатсың	ʒɑtsɯŋ
жатсыңдар	dʒɑtsɯŋdɑr
жатып	dʒɑtɯp
жатыпішер	dʒɑtɯpɯʃer
жатыр	dʒɑtɯɾ
жатырсыз	ʒɑtɯrsɯz
жатырсың	dʒɑtɯrsɯŋ
жатысым	ʒɑtɯsɯm
жатыңдар	ʒɑˈtɯŋdɑr
жатыңыз	ʒɑˈtɯŋɯz
жатқан	ʒɑtˈqɑn
жатқанда	ʒɑtˈqɑnˈdɑ
жатқандай	ʒɑtqɑnˈdɑj
жатқыным	ʒɑθqɯˈnɯm
жау	ʒɑɫ
жауабыңды	dʒɑwɑbɯŋdɯ
жауап	ʒɑwɑp
жауапты	ʒɑwɑptɯ
жауаптысың	ʒɑwɑptɯsɯŋ
жаурадым	ʒɑu̯radɛm
жауу	ʒau
жауыз	ʒɑwɯz
жауынгер	ʒɑwʊŋgʲer
жауынды	ʒɑwɯnˈdɯ
жауыннан	ʒɑwɯnˈnɑn
жауып	dʒɑwɯp
жауған	ʒɑwˈʁɑn
жаю	ʐaju
жаяу	ʒɑjɑw
жағалауда	ʒɑɣɑɫɑwˈdɑ
жағаға	ʒɑˈɣɑʁ
жағдай	ʒɑɣdɑj
жағдайдасыз	ʒɑɣdɑjdɑsɯz
жағдайдасың	ʒɑɣdɑjdɑsɯŋ
жағдайды	ʒɑɣdɑjˈdɯ
жағдаймен	dʒɑɣdɑjmen
жағдайы	ʒɑɣdɑjɯ
жағдайым	ʒɑɣdɑjɯm
жағдайымды	ʒɑɣdɑjɯmˈdɯ
жағдайын	ʒɑɣdɑjɯn
жағдайына	ʒɑɣdɑjɯnɑ
жағдайың	ʒɑɣdɑjɯŋ
жағдайыңды	ʒɑɣdɑjɯŋdɯ
жағдайға	ʒɑɣdɑjɑ
жағы	ʒɑˈɣɯ
жағымды	ʒɑˈɣɯmˈdɯ
жағында	ʒɑˈʁɯnˈdɑ
жағыңдар	dʒɑˈʁɯŋdɑr
жақ	ʁɑq
жақпайды	ʒɑqpɑjˈdɯ
жақсы	ʑæχsə
жақсылап	ʒɑqsɯlɑp
жақсымын	ʒɑqsɯmɯn
жақтаушы	ʒɑqtɑwʃɯ
жақты	ʒɑqˈtɯ
жақтырмайды	dʒɑqˈtɯrmɑjˈdɯ
жақтың	ʒɑqˈtɯŋ
жақша	ʐɑqʃɑ
жақын	ʒɑqɯn
жақындамаңдар	ʒɑqɯndɑmɑŋdɑr
жақындап	dʒɑqɯndɑp
жаққа	ʒɑqˈqɑ
жаңа	ʒɑŋ
жаңадан	ʒɑɲɑdɑn
жаңалық	ʒɑŋɑɫɯq
жаңалықтардан	ʒɑŋɑɫɯqˈtɑrɑn
жаңағы	ʒɑŋɑɣɯ
жаһандық	ʒɑhɑndɯq
же	ʒe
жегенін	ʒegeniːn
жегенің	dʒegeˈniŋ
жегім	dʒeɣim
жегіп	ʒeɣɪp
жегісі	ʒeɣɪsɪ
жедел	ʒeˈdel
жезде	ʒɛzdʒɛ
жезқазған	ʐʲezqazɣɑn
жезөкше	dʒeˈzøkʃe
жезөкшеден	ʒezoʃeˈden
жейдемді	dʒejdemˈdi
жейсіз	dʒejˈsɯz
жейсің	dʒejˈsiŋ
жейтін	ʒejˈtin
жек	dʒɛk
жеке	ʒeˈke
жексенбі	ʒɛkˈsɛnbi
жексұрындар	ʒɛksuˈrɯndɑr
жел	ʒel
жел	ʒɪl
желтоқсан	ʒeltoqsan
жемекпісің	ʒɪmɪkpɪˈsɪŋ
жемеңіз	dʒemeˈnɪz
жемісті	zɛmɪstɯ
жеп	ʒɛp
жер	dʒer
жер	ʑe̞r
жер	ʒɪr
жерге	ʒɛrˈge
жергілікті	ʒɪrɣɪlɪkˈtɪ
жерде	ʒɪrˈdɪ
жерді	ʒɪrˈdi
жері	ʃeɾe
жерім	ʒeˈrim
жеріңе	ʒeˈriŋe
жесең	ʒeˈseŋ
жете	ʒeˈte
жетеді	ʒetɛdi
жетерлік	ʒetɪɾɫɪk
жеткізгеніңе	ʒetkiˈzʁeŋi
жеткіздім	ʒetkiˈzdɪm
жеткізе	ʒetˈkɯzɘ
жеткізем	ʒetkiˈzæm
жеткіземін	ʒetkiˈzemin
жеткізу	ʒetˈkɯzʊ
жеткізуіңіз	ʒetkiˈzuɪŋɪz
жеткізілген	ʒetkiˈzɪɫgen
жетпейді	dʒetpejdi
жеттіңіз	ʒetːiŋɪz
жетуіне	ʒɪtʉɪˈnæ
жеті	ʒeti
жеті	ʒeˈti
жетібұрыш	ʒetɘbʊrʊʃ
жетіген	ʒetɪgɪn
жетіп	ʒeˈtʰɪp
жетістіктерге	ʒetɪsˈtɪkʰtɪrɣe
жетіңдер	dʒeˈtɪŋdɪr
жеу	ʒˈu
жеудің	ʒewˈdiŋ
жеуің	ʒɘwɘŋ
жеңге	zæŋge
жеңгенімді	ʒeŋgɪnimˈdi
жеңдім	ʒeɳˈdim
жеңдің	ʒeŋˈdɪŋ
жеңемін	ʒeɲeˈmɪn
жеңуші	ʒeŋʏwʃɘ
жеңілдейсің	ʒeɳildejsɪŋ
жеңілдеп	ʒeɲildʲep
жеңіле	ʒeɲɪˈle
жеңілтек	ʒeɲilˈtek
жеңіліс	ʒeŋɘlɘs
жеңімпаз	ʒeŋɘmpɑz
жеңіп	ʒeɲɪp
жеңіс	xəŋɪ̞s
жеңіскер	ʒeŋɘskʲer
жидек	ʒidik
жина	ʒɪˈnɑ
жинадық	ʒɪnɑɯq
жиналу	ʒɪnɑˈɫʊ
жиналыс	ʒɪnɑˈlɯs
жинағанға	ʒɪnɑːɣɑːn
жинаңдар	ʒɪˈnaŋdɑr
жирен	ʒɪˈrɪn
жиырма	ʒɪwɾmɑ
жиіркеніш	ʒiirkeniʃ
жиіркенішті	ʒiːrkʲenɪʃti
жобасы	ʒobasi
жойылған	ʒojɯɫɣɑn
жойылғаны	ʒojɯɫˈqɑnɯ
жойып	ʒojɯp
жойыңдар	ʒojɯŋdɑr
жол	ʒɔɫ
жолаушы	ʒoɫɑwʃɯ
жолаушы	ʒɔɫɑwˈʃɯ
жолбарыс	ʒolbɑɾɯs
жолбарыс	ʒoɫbɑrɯz
жолбасшы	ʒoɫbɑsʃə
жолда	ʒɔɫdɑ
жолдан	ʒɔɫdɑn
жолдар	ʒɔɫˈdɑr
жолды	ʒɔɫdɯ
жолмен	ʒɔlmɛn
жолы	ʒoˈɫə
жолығайын	ʒoˈɫɯɣajɯn
жолығып	ʒoˈɫɯʁɯp
жолықтырыңыз	ʒoɫɯqtɯɾeŋɯz
жолың	ʒɔˈɫɯŋ
жомарт	ʒoˈmɑrt
жон	ʐon
жоспары	ʒoˈsparɯ
жоспарым	ʒoˈspɑrɯm
жохан	ʒɔxan
жою	ʒoju
жоғалт	ʒoʁɑlt
жоғалтпа	ʒoʁɑltpɑ
жоғалтқан	ʒoʁɑltqɑn
жоғалып	ʒoɣɑləp
жоғалған	ʒoʁɑɫˈɣɑn
жоғалғаннан	ʒoʁɑɫˈɣɑnˈnɑn
жоғалғаныңа	ʒoʁɑɫɣɑnɯŋ
жоғары	ʒoʁɑrɯ
жоғарының	ʒoʁɑɾɯˈnɯŋ
жоғарыға	ʒoʁɑrɯɣɑ
жоғарғы	ʒoʁaɾɣɯ
жоқ	ʒoq
жоқпын	ʒoqpɯn
жоқсыз	ʒoqˈsɯz
жоқтан	ʒoʁˈtɑn
жоқшылық	zoqʃilɯq
жоққа	ʒoqˈqɑ
жу	ʒˈu
жуастық	ʒuɐstɐk
жуасың	ʒʊɑˈsɯŋ
жуасыңдар	ʒʋɑsɯŋdɑɾ
жумаған	ʒumɑɣɑn
журнал	ʒurnɑɫ
журналистерді	ʒʊrnɑlʲɪstɪɾˈdɪ
журналистика	dʒʊrnɐlʲisʲtʲɪkə
жусан	ʒʊˈsɑn
жуу	ʒoɔ
жуындырасың	ʒowɯndɯɾɑsɯŋ
жуырда	ʒurda
жыйналысқа	ʒɯjnɑlɯsqɑ
жыл	ʒɯɫ
жылаймын	ʒɯɫajˈmɯn
жылама	ʒɯɫɑmɑ
жылау	ʒɨɫau̯
жылау	ʒɯɫɑw
жылауық	ʒɯɫɑwɯq
жылдамдық	ʒɯɫdɑmq
жылдан	ʒɯɫd̪an
жылдар	ʒɯɫˈdɑr
жылдағы	ʒɯɫɑɣɯ
жылдық	ʒɯɫdɯq
жылжып	ʒɯɫˈʐɯp
жылу	ʒɯˈɫʊ
жылы	ʒɯˈɫɯ
жынданып	ʒɯndanɯp
жынды	ʒɯnˈdɯ
жыныс	ʒɯnɯs
жыныстық	dʒɯnɯstɯq
жыр	ʒuɾ
жыртқыш	ʒʊ̞rtqɯ̞ʂ
жықтырамын	ʒɯqtɯɾɑmɯn
жібек	ʑɨbjɛk
жібек	ʒɘbʲek
жібер	ʒɪˈbʲɪr
жіберген	dʒɪbɪrɪgʲɪn
жібергенде	ʒɪbeɾgʲeɳde
жібергенің	dʒibergeniŋ
жіберді	ʒiberdi
жібердің	ʒiberiŋ
жібереді	ʒɪbɪrɪˈdæ
жібереміз	ʒɪbɪrɪˈmɪz
жіберемін	ʒɪbʲerɪˈmɪn
жіберерміз	ʒɪbɪrɪrmɪz
жібермейік	ʒɪbɪrˈmɛjɪk
жіберсең	dʒiberseŋ
жіберуді	dʒɪbɪrʊdɪ
жіберуім	ʒɪbʲɪˈrʉm
жіберші	dʒɪbɪrʃɪ
жіберілді	ʒɪbɪrɪldɪ
жіберіппін	ʒɪbɪrɪpˈpɪn
жіберіпсің	ʒɪbɪrɪpˈsɪŋ
жіберіңдер	dʒɪbɪˈrɪŋdɪr
жіберіңіз	dʒɪbɪrɪŋɪz
жігерлендірілген	ʒɪgʲɪɾlʲɪndɪɾɪɫgʲɪn
жігіт	ʒigɯp
жігіттер	ʒɪgɪtˈtɪr
жігітің	ʒɪɣɪˈtɪŋ
жіп	gip
жүгір	ʒʏˈɣɪr
жүз	ʒʏz
жүздеген	ʒʏzdegen
жүзу	ʒuzˈo
жүзі	ʒʉˈzɪ
жүзім	ʒizim
жүзіп	ʒʉzɪp
жүйе	ʒyje
жүйесі	ʒʉjɪsɪ
жүйесінде	ʒʉjɪsɪndɘ
жүк	ʒʏk
жүккөлік	ʒʏkːœlɪk
жүн	ʒʏn
жүр	ʒʏr
жүргем	ʒʉrɣem
жүрген	ʒɯɾˈgʲen
жүргеніңіз	ʒɯɾɣeˈniŋɯz
жүргіземін	ʒɯɾɣiʒeˈmin
жүргізесіз	ʒɯɾɣɪˈzɪsɪz
жүргізуге	ʒɯɾɣɨzuɣe
жүрді	ʒɯɾˈdɯ
жүрегі	ʒʉrɘɣi
жүрегіне	ʒʉrɘgʲiˈnɘ
жүреді	ʒʉˈrɘdɘ
жүрейік	ʒʉrɛjɪk
жүрейін	ʒʉrɪjɪn
жүрек	ʒʉˈræk
жүректен	ʒyrʉktiːn
жүрер	ʒʉˈrɘr
жүретін	ʒʉrɛtɪŋ
жүрмекпісің	ʒɯɾmɛkpɪˈsɪŋ
жүрмін	ʒʉrmʏn
жүрсе	ʒɯrˈsɛ
жүрсің	ʒʏrˈsiŋ
жүрсіңдер	ʒʏrɕɪŋdɛr
жүру	ʒʉˈɾʉ
жүру	ʒʊɾu
жүруім	ʒʉrʉm
жүруіңе	ʒʉɾʉiŋe
жүріп	ʒʉˈrip
жүріңдер	ʒʉɾɪŋdɪr
жүріңіз	ʒʉɾiŋɨz
жұбай	ʃubaj
жұбайы	ʒʊβaɪɯ
жұдырық	ʒʊdʊrɯq
жұлдыз	ʒuldəs
жұлдыз	ʒʊɫdʊz
жұлынып	ʒʉlənɯp
жұлынған	ʒʉlɯŋɑn
жұма	ʒumɑ
жұмақ	ʃumˈɑq
жұмды	ʒumˈdɯ
жұмсақ	ʒʊmsɑq
жұмысберушісі	ʒʊmɯsbeɾuʃɯsɯ
жұмыспен	ʒʊmɯsˈpʲen
жұмыстан	ʒʊmɯsˈtɑn
жұмыстары	ʒʊmɯsˈtɑɾɯ
жұмыстарым	ʒʊmɯstaˈrɯm
жұмысты	ʒʊmɯsˈtɯ
жұмысшысы	ʒʊmɯʃɯʃɯ
жұмысым	ʒʊmɯsɯm
жұмысымды	ʒʊmɯsɯmdɯ
жұмысына	ʒʊmɯsɯnɑ
жұмысың	ʒʊmɯsɯŋ
жұмысыңыз	ʒʊmɯsɯŋɯz
жұмысқа	ʒʊmɯsqa
жұрт	ʒʊrt
жұт	ʒʊt
жұту	ʒʊtʊw
жұқтыру	ʒoqtɯɾu
жәй	ʒæj
жәндiк	ʒendiq
және	ʒæne
жәрдем	ʒæɾˈdæm
жөнінде	ʒoˈnɘnde
замандастар	zamandastar
запас	zɐpas
зардабын	zæɾdæbɯn
зат	zˈat
зат	ʐɑt
заттардың	ʐɑtːɑɾˈdɯŋ
заттармен	ʐɑtːɑrmʲɪn
зауре	zauɾe
зауыт	zau̯t
зауыт	zɑwɯt
зачаганск	zatʃagansk
зая	zaja
зақым	ʁɑqɯm
зақымдалған	ʁɑqɯmdɑɫˈʁɑn
заң	zɑːn
заңгер	zæŋgɪr
заңгер	zɑŋgʲer
заңнама	zaŋnəma
заңсыз	zɑŋsɯz
заңсыздық	zɑŋsɯzdɯq
заңы	ʒɑˈnɯ
звонда	zvondɑ
звондағаныма	zvondɑɣɑnɯmɑ
звондаңыз	zvondɑŋɯz
зейнетақы	zʲejnʲetɑqɯ
зейнеткер	zʲejnʲetkʲer
зейінсіз	zejinsɯz
зерттеуші	zʲertːewʃɘ
зерттеуінде	ʐɪrttɘwˈiŋdɘ
зертхана	zʲertxɑnɑ
зертханалық	zʲertxɑnɑɫɯq
зертханашы	zʲertxɑnɑʃɯ
зиверт	zʲivʲɪrt
зимбабве	zʲɪmbabvɛ
зия	zijɑ
зиянды	ʑijɑnˈdɯ
зомбылықпен	ˈzombɯɫɯqpen
зоодүкен	zoːdʏˈkʲɪn
зор	zor
зым	zɯm
зыя	zɯjɑ
зәулім	zæulɪ̞m
ибарра	ɪbɑrɑ
идеал	ɪdʲɪaɫ
идеология	ɪdʲɪɐɫogʲɪjə
идиллия	ɪdʲilʲɪjə
ие	je
иемдену	ijemdenu
иемденіп	ijemdenip
иесі	jesi
израил	ɪzrɑɪl
израилдықтар	izrɑjɯɯtqɯtɑr
израилмен	ɪzrɑɪlˈmen
израиль	ɪzrɑjɪl
икем	ikim
иле	i̠jɫe
иллардтың	ɯɫɑɾdɯtɯŋ
иллоу	ɪlːoʊ
ильямнан	iɫjəman
иман	imɑn
иммигрант	immigrɑnt
импеданс	ɪmpʲɪdans
император	ɪmpʲɪratər
империализм	ɪmpʲɪrʲɪɐlʲizm
импрессариом	ɪmprɪsɑrɪˈw
импрессионизм	ɪmprʲɪsʲɪɐnʲizm
импульс	impʊlʲs
инда	indɑ
индоссамент	ɪndəsɐmʲent
ине	iɲe
ине	iːnɛ
инновация	ɪnːɐvatsɨjə
институтынан	ɪnstʲɪtʉtɯˈnɑn
интеграл	ɪntɨgral
интеллектуалдық	intelʲektuɑldɯ̞k
интерполяция	ɪntɛrpɐlʲatsɨɪ̯ə
интерфейс	ɪntɨrfʲejs
интерферон	ɪntɨrfʲɪron
инфляция	ɪnflʲatsɨjə
иншалла	ɪnʃaɫa
инға	iŋɣɑ
ипотека	ɪpɐtʲekə
исак	ɪsɑq
исакпен	ɪsɑqˈpɛn
исакты	ɪsɑqtɯ
исактың	ɯsɑqˈtɯŋ
ислам	ɪslam
исландия	ɪslanʲdʲɪjə
испания	ɪspanʲɪjə
ит	iːt
итбалық	ɘjtbɑɫɯq
итни	itni
итнимен	itnimen
итнимін	itnimeen
иттер	ɪtːɪr
иттерге	itːerge
иттердің	itːerˈdiŋ
ишая	isaja
иығыма	iɯɣɯma
иісті	iːsʲtɪ
иісі	iːsɪ
иісін	iːsɪn
иә	iə
кабак	kɐbak
калька	kalʲkə
кальмар	kɑlmɑr
кальцит	kɐlʲtsɨt
камералары	ˈkɑmʲerɑˌɫɑrɯ
кампаладамын	ˈkɑmpɑɫɑdɑmɯn
камфара	kəmfɐra
камфора	kamfərə
канада	kɐnadə
канада	qɑnɑdɑ
кандела	kɐndɛlə
канибал	kanɪbɑɫ
канибалмын	kanɪbɑlˈmɯn
канингэм	kanɪŋɛm
каноэ	kɐnoɛ
капитал	kəpʲɪtal
капиталдық	kapʰɪtɑɫdɯq
капитализм	kəpʲɪtɐlʲizm
капуста	kapust̪a
кар	kɑr
карамель	kərɐmʲelʲ
кард	kaɾd
карнавал	kərnɐvaɫ
карта	kartə
карта	kaɾta
картаны	ˈkɑrtɑnɯ
картель	kɐrtɛlʲ
картография	kərtɐgrafʲɪjə
картоп	kɑrtop
касетөм	qɑsɘtøm
катал	kɐtal
католик	kɐtolʲɪk
кафелерді	kafʲiɫærdɛ
кацурэ	katsure
каюта	kɐjutə
квадрант	kvɐdrant
кедей	kedej
кедейлік	kʲedejlɘk
кедергі	kedeɾɣi
кез	ke̞z
кезде	ke̞zde
кездежүр	keʒdeʒʉr
кездесем	ˈkɛzdɛsɛm
кездесеміз	ke̞zdesemi̞z
кездесетін	kezd̪esetʰin
кездескен	ke̞z̪des̪q̟en
кездеспей	ke̞z̪d̪es̪pej
кездесу	ke̞z̪de̞s̪u
кездесулер	ke̞zdesʉ̞lʲɪ̞r
кезімде	keˈzɪmde
кезінде	keˈzʲinde
кезінен	keziˈnɪn
кей	kej
кейбір	kejˈbiɾ
кейде	kejde
кейін	keiin
кейін	kjɪn
кейін	kʲejɘn
кейіндеу	kejindew
кейінірекке	keiineˈrekke
кек	kʲek
кел	kel
келбетің	kelbɘtiŋ
келген	kelgen
келгенде	kelgenˈde
келгендерің	kelge̞ndɪ̞ˈrʲɪ̞ŋ
келгенше	kelgenʃe
келгенім	kelgeˈnim
келгеніме	kelgeˈnime
келгенін	kelgɛniːn
келгеніне	kelgeˈnine
келгеніңе	kelgeˈniŋe
келгеніңізге	kelgəniŋizge
келгеніңізді	kelgəniŋizdi
келгің	kelgɪŋ
келдік	kelˈdɪk
келдім	kelˈdim
келдің	kelˈdiŋ
келдіңіз	keldiŋiz
келе	kele
келеді	kelɪdi
келеді	kilɛdi
келейін	kelejin
келек	keˈlek
келем	keˈlem
келемін	kelʲemin
келермін	kelɪrmɪn
келесі	kelɪˈsi
келесің	kelɪˈsiŋ
келмеген	kelmɛgen
келмеді	kelmɘdi
келмей	kelˈmej
келмейді	kelmɛjdi
келмеймін	kelmɛjˈmɪn
келмейтін	kelmɛjˈtin
келмес	kelˈmes
келмесін	kelmɘˈsɘn
келсап	kelsap
келсе	kel'sɪ
келтірер	keltiˈrɪr
келуге	kelʊɣe
келуіне	kelʉiˈnæ
келуің	kelʉiŋ
келуіңізбен	keluɪŋɪzben
келші	kelʃi
кельвин	kʲelʲvʲɪn
келіп	kelip
келіпсіз	kelɪpˈsɪz
келіпті	kelɪptɪ
келіскен	kelɪsˈken
келіскендей	kelɪskendɛj
келіспесеңіз	kelɪspeˈsɪŋɪz
келісті	kelɪsˈtɪ
келістік	kelɪsˈtɪk
келістім	kelistim
келісім	kelsim
келісімшартқа	kelisɪmʃɑrtqɑ
келісімін	kelɪsɪmɪn
келісіп	kelɪˈsɪp
келіңдер	kelɪŋdɛr
келіңіз	kelɪŋɪz
кем	kem
кем	kim
кемпірлерді	kempirlɘɾˈdi
кеміргіш	kemɪrɣɪʃ
кендір	kantər
кенелген	kenelgen
кентау	kɛntɑu
кентау	kʲentɑw
кеп	kʲep
кептірілген	ˈkɛptɪrɪlgɛn
кепілгер	kepɪɫɣer
кербез	kɛrbæz
керегі	kerɪɣɪ
керегімізді	kerɪgimɪsdi
керегінің	kerɪginʲi
керек	kerɛk
керекпін	kerɪkˈpɪn
керексің	kerɪkʃiŋ
керекті	keretɕi
керемет	keremɪt
кереспе	kerespɘ
керуетте	kerʉjetʰ
кері	keri
кесел	kesɛl
кесене	kʲesʲenʲe
кесетін	kʲesetʰin
кесу	kħɛs˥u
кесіліп	kɘsɘlɘp
кесіп	ˈkɘsɘp
кесіртке	ˈkɘsɘrtkɘ
кесірінен	ˈkɛsɪrɪˌnɛn
кесіріңнен	ˈkɘsɪrɘŋnɘn
кет	ket
кет	kʲit
кете	ketɘ
кетеді	ketedi
кетейікші	ketejɪkʃi
кетейін	ketejiːn
кетемін	ketemin
кетесің	ketɪˈʃɪŋ
кететін	ketetin
кеткелі	ketkɛli
кеткен	ketken
кеткендеріңді	ketkendeəriŋdi
кеткенсің	ketkenˈsiŋ
кеткені	ketkɛni
кеткенің	ketkɛniŋ
кеткеніңе	ketkɪˈniŋe
кеткір	ketˈkɪr
кетпеді	ketpɘdi
кетпедің	ketpʲeˈdiŋ
кетпей	ketˈpej
кетпейміз	ketpejˈmɪz
кетпеймін	ketpæjˈmin
кетпекші	ketpɛkʃɪ
кетпесе	ketpese
кетпесін	ketpɪˈsɪn
кетсем	ketˈsem
кетсең	ketˈseŋ
кетсін	ketˈsɪn
кетсінші	ketˈsɪnʃi
кетті	keti
кеттік	kettʃk
кеттік	ketˈtɪk
кеттің	ketˈtɪŋ
кеттіңдер	ketˈtɪŋdɛr
кеттіңіздер	ketːiŋizdɛr
кету	ketu
кету	kʰʲetʉw
кетуі	ketuɪ
кетуім	ketuim
кетші	ketʃi
кетіп	ketip
кетіппін	ketipˈpɪn
кетіпсің	ketipˈsiŋ
кетіресіңдер	ketiɾesiŋdɪr
кетіңдер	ketiŋdær
кетіңіз	ketiŋiz
кеш	keʃ
кеше	keʃe
кешегі	keʃeɣi
кешен	kɪʃɪn
кешке	kɘʃkɘ
кешке	kɛʃkɛ
кешкі	ˈkɛʃkɪ
кешкіріп	kɛʃkɪˈrip
кешір	kɪ̞ʃɪ̞r
кешіреміз	kɛʃɪrɛˈmɪz
кешіремін	keʃiˈrɪmɪn
кешірер	keʃiˈrær
кешірмеймін	kɛʃɪrmɛjmɪn
кешірмек	ˈkæʃɪrmæk
кешіру	kʲeʃɘrʏw
кешірші	keʃiɾʃi
кешірілген	kɘʃɘɾɘlˈgʲɘn
кешірім	keʃiˈrim
кең	keŋ
кең	kʲeŋ
кеңес	ˈkʲeŋɪs
кеңесшілерім	keŋesʃɪleɾɪm
кеңесшім	keŋeɕɪm
кеңесшімсің	ˈkʲeŋɪsʃɪmˈsɪŋ
кибернетик	kʲɪbʲɪrnɛtʲɪk
киви	kivj
кимегендіктен	kimʲegendɪktʲen
киндред	kin'drɛt
кинетика	kʲɪnɛtʲɪkə
кино	kino
кинокартина	kʲɪnəkɐrtʲinə
кинотеатр	kʲɪnətʲɪatr
кинофестиваль	kʲɪnəfʲɪsʲtʲɪvalʲ
кинофильм	kʲɪnɐfʲilʲm
кит	kijt
киуіме	kiwɪme
киім	kijˌɯ
киім	kiːm
киім	kɪjɪm
киімімді	kiːmɪmdɪ
киінесің	kiːnesiŋ
киінуім	kiːnuːm
киіп	kiɪp
клайд	klɑj
классика	klasʲɪkə
классицизм	kɫəsʲɪtsɨzm
клеткаларды	klʲetqɑlɑɾdɯ
клеткалары	klʲetqɑˈɫɑɾɯ
климатология	klʲɪmətɐlogʲɪjə
клиникалық	klʲinʲɪkɑˈɫɯq
кодекс	kodɨks
кол	oɫ
комбайн	kɐmbaɪ̯n
комедия	kɐmʲedʲɪjə
комиссар	kəmʲɪsar
комиссияға	komɪsɪjɑɣɑ
коммунист	kəmʊnʲist
коммунистер	komʊnʲɪsʲtʲɪr
коммутатор	kəmʊtatər
компьютер	kɐmpjutɨr
конвейер	kɐnvʲeɪr
конверсия	kɐnvʲersʲɪɪ̯ə
конденсат	kəndɛnsat
конкур	kɐnkur
консалтинг	kɐnsaɫtʲɪnk
консорциум	kɐnsortsɨʊm
конституция	kənsʲtʲɪtutsɨjə
конституциялық	kənsʲtʲɪtutsɨɪ̯əɫəq
конструктивизм	kənstrʊktʲɪvʲizm
контейнер	kɐntɛjnʲɪr
конференция	kənfʲɪrʲentsɨɪ̯ə
конфигурация	kənfʲɪgʊratsɨjə
конформация	kənfɐrmatsɨɪ̯ə
копенгаген	kəpʲɪngagʲɪn
корея	kɐrʲejə
коридордың	koɾidoɾˈdɯŋ
косеканс	kɐsɛkəns
косинус	kosʲinʊs
космополитизм	kəsməpəlʲɪtʲizm
котангенс	kɐtangʲɪns
кофе	kofe
кохаку	koχɑkʊ
кохакугава	koχɑkʊˈɣɑwɑ
коэффициент	kəɪfʲɪtsɨɛnt
креп	krʲep
криминалистика	krʲɪmʲɪnɐlʲisʲtʲɪkə
криптовалюта	krʲiptəvɐlʲutə
криптон	krʲɪpton
крис	krɪs
криспін	krɪsˈpɪn
криссман	krɯsˈman
кристиан	krɪstʲi̞ɑn
кристианға	krɯstʲiɑŋɑ
кристі	krɪsˈtɪ
крон	krɔn
круиз	krʊiz
ксилофон	ksʲɪlɐfon
куба	kubə
кувейт	kʊvʲejt
культуризм	kʊlʲtʊrʲizm
купон	kʊpon
курста	kurˈsta
куәлікті	kuælikti
кэмпбел	ˈkæmpbɛl
кэмпбелге	ˈkæmpbɛlɣe
кэмпбелдің	ˈkæmpbɛlˌdɪŋ
кідіріс	kidiɾɯz
кілемімді	kilɪmɪmdɪ
кілең	kilæŋ
кілтті	kilttɪ
кілті	kilti
кім	kim
кім	køm
кімге	kimge
кімдер	kʏ̞mdʲɪr
кімді	kimˈdi
кімдікі	kimˈdiqi
кіммен	kimˈmen
кімнен	kimˈnen
кімнің	kimˈnʲi
кімсіз	kimˈsiːs
кімсің	kimˈsiŋ
кімсіңдер	kimˈsɪŋdɪr
кіндік	kəndɯ̞k
кінәлерді	kinælæɾˈdi
кінәлі	kinæli
кінәлісіз	kinælɪsɪz
кір	kir
кір	kɘr
кіргізгенімізді	kirgizʁeniˈmisdi
кіргізді	kirgɪsˈdi
кіргіңіз	kirgiŋiz
кірді	kirˈdi
кіре	kirɘ
кіретін	kiɾeˈtin
кірме	kirme
кірпіктер	kirpɪkˈtɪr
кірсін	kirˈsɪn
кіріп	kirɪp
кіріп	kɯ̞rɯ̞p
кіріпті	kirɪptɪ
кірісейік	kirisejɪk
кірісіңдер	kirisɪŋdɘr
кіріңдер	kirɪŋdɪr
кіріңіз	kirəˈnɪz
кісі	kiˈsi
кісі	kʰɘsɘ
кісіден	kiˈsɪdɪn
кісілерге	kiˈsɪlɪrge
кісіні	kiˈsini
кісінің	kiˈsɪniŋ
кітабы	kitɑbɯ
кітап	kitɑp
кітап	kɘ̥̆tæp
кітап	kɘ̥̆tɑ̝p
кітапнама	kɘtɑpnɑmɑ
кітаптап	kitɑptɑp
кітапхана	kʰtɑpχɑnɑ
кіш	kiʃ
кішкене	kiʃkɪnɛ
кішкенетайсың	kiʃkeneˈtajsɯŋ
кішкентай	kiʃkɘnˈtɑj
кішкентай	kɘʃkʲentɑj
күдіктенсең	gydɪktʲenˈseŋ
күдікті	gydɪtʃi
күдіктіге	gydɪtʃi
күдіктімін	gydɪktɪˈmɪn
күзет	gɛzɛt
күзетшілік	ˈkʏzɪtʃɪlɪk
күзетшілікке	ˈkʏzɪtʃɪlɪkːe
күйде	kujˈde
күйеді	kujɪˈdɪ
күйеуі	kujɘwɘ
күйеуім	kujewim
күйеуңіз	kujewŋiz
күйзелісті	kujzɪlɪsˈtɪ
күйсандық	kʏjsɑndɯq
күкірт	kʉkirt
күкіртті	kuːkɪrtːi
күлгін	kʏlgʏ̞n
күлкілі	gʏlgɪlɪ
күмбез	gʉ̞mbø̞z
күмбез	kʰʉ̞mbø̞z
күн	gʉ̞n
күн	kyn
күн	kʏ̞n
күн	kʰʉ̞n
күнбағыс	kʏnbɑɣɯs
күнде	qynde
күндегідей	qynd̪eɣidej
күндей	qynˈdej
күнделік	kʏndelɘk
күнді	qynˈdi
күннен	qynˈnɛn
күні	kuni
күніңдегі	kuˈnɯndeɣi
күнә	kene
күнәкар	kynækɑr
күнәсінен	qynæsinɘn
күнәңды	qynæŋdɯ
күнәһар	kynæhɑr
күректер	kuˈrɛktɛr
күрескем	kuɾesqem
күресуде	kyresuˈde
күресіп	ku̞ɾe̞ˈsip
күріш	kɯ̞rɯ̞ʂ
күте	gʉˈtɘ
күтем	kuˈtem
күтпеген	ˈkʏtpɘgɘn
күтуге	kutuɣe
күтіп	kuˈtɪp
күш	kuʃ
күшейтеміз	kuʃejteˈmiz
күшпен	kuʃˈpɛn
күштері	kuʃteˈri
күшті	kuʃti
күші	kuʃi
күшән	kʉʃæn
күңгірт	χʏ̞nkɪ̞rt
кәдімгі	ˈkædɪmɣɪ
кәзір	ˈkæzɪr
кәмпит	kampið
кәмпит	kæmpɘjt
кәне	qæne
кәріптасты	kerɪptɑstɯ
кәріс	karɛs
кәсіпкер	ˈkæsɪpkɪr
көбелек	tøbɛlɛk
көбеюде	kobejude
көбіне	kobine
көбірек	kobiˈrek
көгілдір	kʏ̞gʏldʏ̞r
көз	koz
көзге	koʒge
көздерді	koːzdɘrˈdiː
көздері	koːzderi
көзімді	koˈzɯmdɯ
көзімізді	koˈzɯmɯzdɯ
көзін	koˈzɪn
көзің	koˈziŋ
көзіңді	koziŋdi
көзіңізді	koziŋizˈdi
көзқарас	kozɟɑɾas
көйлек	køjløk
көк	koq
көк	køk
көке	kokˈe
көкек	køkøk
көкекшөп	køkøkʃøp
көктем	køktøm
көкшетау	kɵkʂʲetɑw
көл	røl
көлігім	koːliɣim
көлігіне	koːlɪgɪne
көлігіңде	koːlɪɣeːŋde
көлігіңді	koːliɣiŋdi
көлікте	koˈlɯktɛ
көліктегі	koliqteɣi
көлікті	koˈlɪkti
көмегімді	komɛɣɪmdi
көмегіңе	komeɣiŋe
көмегіңмен	komæɣiŋˈmen
көмегіңіз	komeɣiˈŋiz
көмегіңізге	komɛʁiŋizge
көмек	kømøk
көмектесе	koˈmektʲesæ
көмектеседі	komɛktɛsɛdi
көмектесемін	komɛktɛsɛmin
көмектесер	komɛktɛsɛr
көмектесесің	komɛktɛsɛˈsɪŋ
көмектесесіңдер	komɛktɛsɪˈsɪŋdɛr
көмектескен	komɛktɛskʲɪn
көмектеспекшісің	komɛktɛspɛkʃiˈsɪŋ
көмектессең	komɛktɛsɛŋ
көмектесуі	komɛktɛsʉj
көмектесіңдер	komɛktɛˈsɪŋdɛr
көмектесіңізші	komɛktɛsiŋɯʃ
көмекші	kømøkʃɘ
көмірге	komirɣe
көміртек	kʏ̞mɪ̞rtʲik
көн	køn
көндірді	koːndirɪr
көндіре	koːndiɾe
көндіру	ˈkøndiɾu
көнсең	koːnseŋ
көну	konˈu
көп	kop
көптеп	koˈptep
көпшілік	koepʃiˈlɪk
көпірге	kopirɣe
көр	koer
көргем	gøɾˈgem
көргенімді	gørgeɲimˈdi
көргенін	kørgɛnin
көргім	kʏrˈɣɪm
көргіміз	kʏ̞rgʏ̞mʏ̞z
көргісі	koerɣiˈsi
көрді	gørˈdi
көре	koˈre
көреді	koˈrɪdi
көрейік	koɾejik
көрейін	koɾejˈin
көреміз	koɾemiz
көресіз	ko̙ˈresɪz
көресің	koɾesiŋ
көресіңдер	koɾesɪŋdɛr
көркем	korkem
көркемдеуші	gøɾkɘmdɘwʃɘ
көрме	kørmø
көрмеген	gøɾmɛgøn
көрмегенсің	koːrmɪge̞nsɪŋ
көрмегені	ˈkørmɛgæni
көрмеймін	gørmɛjmin
көрмейсің	koɾmejˈsiŋ
көрсем	kórsem
көрсете	koɾsɛtɛ
көрсетеді	ˈkørsɘtɘdɘ
көрсетемін	koɾseˈtemʏn
көрсететінімді	ko̞ɾsetetimˈdi
көрсеткен	koɾsetˈken
көрсеткім	koɾˈsetkim
көрсетпедің	koɾsetpeˈdiŋ
көрсетпейін	koɾsetpeˈjin
көрсетсек	kʏrsɘtˈsɘk
көрсетуге	koɾsɛtʊɣe
көрсетіңіз	koersɛtiŋiz
көрсін	koɾˈsɪn
көру	koru
көруге	koruɣe
көруім	koruːm
көрші	koɾʃi
көрік	kurɯ̞k
көрінбеген	koˈrɪnbegen
көрінбейді	koˈrinbɛjdi
көрінген	koˈrɪŋɪn
көрінді	koˈrɪndɪ
көрінеді	koɾinedi
көрінетін	ko̞rinetʰin
көріністен	koɾiniˈstʰen
көріп	koˈrip
көріпкелдігі	koˈripkeldɪˌgɪ
көрісеміз	koˈɾisemiz
көріңіз	koɾiŋiz
көсемше	kɵsimʃa
көтерем	kotɛˈrɛm
көтерме	køtɛrmɛ
көтерсеңіздер	kotɘrsɘŋɯzdɘr
көтеру	kø'tɛrʊ
көтеру	køterʏw
көтерілген	koteriɫgen
көтеріліс	køtʲerɪlɪs
көтерілістер	koteɾiɫistər
көтерілісші	køtʲerɪlɪsʃɪ
көтеріп	kotɛˈɾip
көтеріңдер	koteriŋder
көшеге	koʃege
көшесінде	koʃesinde
көшірме	koʃɪrˈmɘ
көңілдеріңді	koŋɯldɪrɪŋdɪ
көңілді	koŋɪ̞ɫdɪ̞
көңілді	koŋɯldɯ
көңілді	qøŋilde
көңілдігіңді	koŋɯldɯʁɯŋdɯ
көңілі	koŋɯˈli
көңілімді	koŋiɫimdi
көңілін	koŋɯˈlɯn
көңілінен	koŋilɪnen
көңіліңді	koŋiɫiŋdi
лабораторияда	ɫɑbɒrɑɾɪjɑdɑ
лабораториясы	ɫɑbɒrɑtɔrʲɪjɑsɯ
лагуна	ɫɐgunə
лайық	ɫɑjɯq
лайықты	ɫɑjɯqˈtɯ
лампыша	ɫampoʃa
ландшафт	lɐnʃaft
лас	ɫɑs
ласпын	ɫɑsˈpɯn
лауазымның	ɫɑwɑzɯmˈnɯŋ
лашық	ɫɑʂɯ̞q
лақтырып	ɫɑqtɯˈɾɯp
лаңи	ɫɑˈŋɪ
лезде	leʐdɘ
лексикография	lʲɪksʲɪkɐgrafʲɪjə
лемниската	lʲɪmnʲɪskatə
лемур	lʲɪmur
леңгір	lɛngr
ли	ɫi
либерал	lʲɪbʲɪraɫ
либерализм	lʲɪbʲɪrɐlʲizm
либерализмге	ɫiβerɑlɪzmɣe
ливерморий	lʲɪvʲɪrmorʲɪj
ливияда	ɫɯβʲiˈjɑdɑ
ливияға	ɫɯβiˈjɑɣɑ
лизосомды	ɫɪzɔsɔmdɯ
ликёр	lʲɪkʲɵr
лимон	limon
лимон	lʲɪmon
лимонен	lʲɪmɐnɛn
лимфоцит	lʲɪmfɐtsɨt
линолеум	lʲɪnolʲɪʊm
липидті	ɫipɪtˈtɪ
лисаковск	lisakovsk
литосфера	lʲɪtɐsfʲerə
лифт	lif
лифтпен	ɫift̪pen
лихтенштейн	lʲɪxtɨnʃtɛjn
лицензия	lʲɪtsɛnʲzʲɪjə
лицензияны	ɫitsɛnzʲiˈjɑnɯ
логика	ɫogʲɪkə
логос	ɫogəs
лондонға	ɫɔndɔŋɑ
лори	ɫorʲɪ
люкс	lʲuks
люксембург	lʲʊksʲɪmburg
люмен	lʲʉmʲɪn
лютеций	lʲʊtɛtsɨj
лібә	ɫɪbæ
ләйлек	læjlɪk
ма	ma
мавритания	məvrʲɪtanʲɪjə
магма	magmə
магний	magnʲɪj
мадагаскар	mədəgɐskar
мазалайтын	mazɑɫɑjˈtɯn
мазам	mazam
мазар	mʌzɑr
мазақ	maˈzɑq
май	maj
маймыл	mɑjmɯɫ
маймылдар	majmɯɫdɑr
маймылдарға	majmɯɫdɑrʁɑ
маймылы	majmɯɫɯ
маймылға	majmɯɫʁɑ
майонез	mɐjɔnɛz
макака	mɐkakə
макерер	makeˈrɪr
макиндай	makɪndɑj
макияж	məkʲɪjaʒ
маккензиді	maˈkʲɛnzɪdɪ
макларен	maglɑˈrɛn
малай	malaj
малдер	maɫdɪr
малдерге	maɫdɪrge
малдермен	maɫdɪrˈmɪn
малдерсіз	maɫdɘrˈsɯz
малшы	mɑɫʂɯ
малшы	mɑɫʃɯ
малынған	maɯɫɯŋ
малып	maɫɯp
маляму	malamu
мама	mama
мама	mɑmɑ
маман	maːman
мамандар	maːmɑnˈdɑr
мамыр	mamor
мамыр	mamɯr
марафон	mərɐfon
маржан	mɑrʒɑn
марихуана	mərʲɪxʊanə
мария	marijɑ
мархабат	mɑrχʊ̞bɑt
маршал	marʃəɫ
марғау	maraw
масанга	masanɣa
масанганы	masaŋgaˈnɯ
масанганың	masaŋɣaˈnɯŋ
маскарад	məskɐrad
маскүнем	maʃkʉˈnæm
массачусетс	ˌmæsəˈtʃuːsɪts
мата	mata
мата	mɑtɑ
матай	mataj
матбуғат	mɑtbuʁɑt
математика	mətʲɪmatʲɪkə
материаландырған	mateɾialaːndɯɾʁɑn
материалдар	mateɾijɑɫˈdɑr
материализм	mətʲɪrʲɪɐlʲizm
мау	maʊ
мауға	maʊɣə
махаббат	maχɑbɑt
махаббаттың	maχɑββɑtˈtɯŋ
машинадан	maʃɯnaˈdɑn
машинаның	maʃɯnɑˈnɯŋ
машинасы	maʃɯnasɯ
машинаға	maʃɯnaʁə
маған	maɣan
мағлұмат	mɑɣɫumɑp
мағына	mɑʁənɑ
мағынасын	maɣɯnasɯn
мақала	maqala
мақаланы	maqalani
мақпалшер	mɑqpɑlʃɪ̞r
мақсат	maqsɑt
мақсат	mɑqsɑp
мақсатымызға	maqsɑtɯmɯzɣɑ
мақтан	maktɑm
мақтан	maʁˈtɑn
мақұлдау	mɑquɫdɑw
маңда	maɲdɑ
маңдай	mændæ
маңызды	maŋɯzdɯ
маңызды	mɑŋɯzdɯ
маңқа	mɑŋka
ме	me
медаль	mʲɪdalʲ
медецина	medetsɪnə
медииналық	mediːnalɯq
медицина	mʲɪdʲɪtsɨnə
медициналық	medʲitsɪnɑˈɫɯq
медиқалық	medʑɑˈɫɯq
мезон	mʲɪzon
мейман	majˈman
мейоз	mʲɪjɵs
мейрамхана	mʲejrɑmxɑnɑ
мейрімді	majˈrɪmˌdɪ
мейірбике	majɪrbɪkɪ
мейірімді	majɪˈrɪmdi
мектебің	ˈmɛktɘbiŋ
мектеп	mektip
мектеп	ˈmɛktɛp
мектепке	ˈmɛktɛpkɛ
мектептен	ˈmɛktɛptɛn
мектептер	ˈmɛktɛptɛr
мектептеріңіз	ˈmɛktɛptæɾɪŋɪz
мектептің	ˈmɛktɛptɪŋ
меланезия	mʲɪɫɐnʲezʲɪjə
мемелекеті	ˈmɛmɛlɪkʲɪtɪ
мен	men
мен	miː
менде	mende
менен	menen
менмін	menˈmin
меннен	menen
менсіз	menˈsɪz
менсінбеймін	mensɪnbejˈmɪn
мені	menʲi
менікіндей	menikɪndɛj
менімен	menimɪn
менің	menʲiŋ
менің	mʲenɪ̞ŋ
меніңше	meniŋʃe
мереке	meɾeki
мерит	merit
метафизика	mʲɪtɐfʲizʲɪkə
метеорология	mʲɪtʲɪərɐlogʲɪjə
метрдотель	mɛtrdotɛlʲ
метро	mʲɪtro
меірбике	miɪrbɪkʲe
ми	mi
ми	mˈi
мидан	midɑn
мидың	miˈdɯŋ
микроавтобус	mʲikrɐɐftobʊs
микроскоп	mʲɪkrɐskop
микрофон	mʲɪkrɐfon
миллион	mʲɪlʲɪon
минимализм	mʲɪnʲɪmɐlʲizm
министр	mʲɪnʲistr
министірлік	ministɪrˈlɪk
министірім	miniˈstiɾim
министірімін	miniˈstirimɪn
минут	minʊt
минут	miˈnut
минуттай	miˈnʊttɑj
миокардит	mʲɪəkɐrdʲit
митохондрия	mʲɪtɐxondrʲɪjə
могамбо	moɣɑmˈbo
модуль	modʊlʲ
мойнын	mojnɯn
мойнына	moɯnɯnɑ
мойнынан	moɯnɯnɑn
мойын	mojɯn
мойында	mojɯnda
молаларды	ˈmɔɫɑɫɑɹdɯ
молдова	mɐldovə
молекула	mɐlʲekʊlə
мольберт	mɐlʲbʲert
момындық	mʊ̞mʊ̞ndʊ̞q
монархия	mɐnarxʲɪɪ̯ə
монизм	mɐnʲizm
моника	ˈmɔnɪkə
мониканы	ˈmɔnɪkɑnɪ
монография	mənɐgrafʲɪjə
мономер	mənɐmʲer
морфология	mərfɐɫogʲɪɪ̯ə
моңғолия	monɣulia
мугишаның	muɣɪʃɑnɯŋ
музыка	muzɨkə
мулагода	mulaɣoda
мулагоға	muɫɑɣoʁɑ
мультимедиа	mʊlʲtʲɪmʲedʲɪə
мультипликация	mʊlʲtʲɪplʲɪkatsɨɪ̯ə
мультфильм	mʊlʲtfʲilʲm
муниципалитет	mʊnʲɪtsɨpəlʲɪtʲet
мутант	mʊtant
мылтық	moltɨx
мылтық	mɯɫtɯq
мыналар	mɯnɑlaːr
мыналар	ˈmɯnɑɫɑr
мыналарды	ˈmɯnɑɫɑɾdɯ
мынау	manau
мынау	ˈmɯnɑw
мындағы	ˈmɯndɑɣɯ
мыннан	mɯnˈnɑn
мырза	ˈmɯrzə
мырзамыз	ˈmɯrzɑmɯz
мырзаға	ˈmɯrzɑɣɑ
мырыш	maɾʊ̞ʂ
мыс	mˈɯs
мыстандар	ˈmɯstɑndɑr
мысыққа	ˈmɯsɯqˈqɑ
мықтап	ˈmɯqtɑp
мықты	ˈmɯqtɯ
мың	ˈmɯŋ
мыңдаған	ˈmɯŋdɑɣɑn
мюзикл	mʲʉzʲɪkɫ
мін	mæn
міндетті	miːndɪtːi
міне	mine
мінедіңіз	mineˈdiŋiz
мінейтін	minejˈtɪn
мінекей	minekej
мінеки	mineki
мүлдем	ˈmyldæm
мүлік	mʏlʏk
мүмкім	ˈmymkɪm
мүмкін	ˈmymkɪn
мүмкіндігің	ˈmymkɪndɪʁɪŋ
мүмкіндік	mʏmkʏndɘk
мүмкіндіктерге	ˈmymqɪndɪkˌtɪrʁe
мүмкіндікті	ˈmymkɪndɪktʰi
мүрде	mʉrdʲe
мүшелерін	ˈmʏʃelɪrɪn
мүшесі	ˈmʏʃɪsɪ
мүшесін	muʃesin
мұз	muz
мұз	mʊz
мұздатқыш	mʊzdɑtqɯʃ
мұздық	mʊzdʊq
мұздықаралық	mʊzdʊqɑrɑɫɯq
мұмкін	ˈmumqɪn
мұнда	ˈmʊndɑ
мұндай	mumtaj
мұндай	ˈmʊndɑj
мұндағы	muˈnɑɣɯ
мұны	muˈnɯ
мұның	muˈnɯŋ
мұражай	mʊrɑʒɑj
мұрағат	mʊrɑɣɑt
мұрағатшы	mʊrɑɣɑtʃɯ
мұрның	ˈmʊrnɯŋ
мұрныңды	ˈmʊrnɯŋdɯ
мұрын	moron
мұсылман	mʊsʊɫmɑn
мұсылмандар	musɯɫmɑndɑr
мұхит	mʊxɯjt
мұхит	ˈmʊxɪt
мұхтар	mʊ̞xtɑr
мұғалім	moʁɑliːm
мұғалімді	muɣɑˈlimdi
мұқашев	muqaʃif
мұқтаж	mʊqtɑʒ
мә	mæ
мәгәзін	mægæzin
мәдениетсіздік	mædenɘjːetsɘzdɘk
мәдениеттану	mædenɘjːetːɑnʊw
мәжбүр	maʒˈbyr
мәлдивтер	mæɫdʲɪvtʲer
мән	men
мәнінде	mænɪ̞ndʲɪ
мәнісінде	mänɪsɪndɛ
мәртебе	mærtʲebe
мәртебелі	maɾtebeˈli
мәселе	mæsʲele
мәселеге	ˈmæsɛleɣæ
мәскеу	mæskʲew
мәссаған	mæssɑʁˈɑn
мәссаған	ˈmæsːaɣɑn
мәсі	mɛsɨ
мөр	mør
мөрге	ˈmørgɛ
мөрде	ˈmørdɛ
мөрді	ˈmɵrdi
мөрі	ˈmɵɾi
мөрімді	ˈmøɾimdi
найза	mˈaɪzə
найза	najza
найза	nɑjzɑ
намаз	nɑ̝mɑ̝z
наразышылық	ˌnɑrɑzɯʃɯˈɫɯq
нарциссизм	nərtsɨsʲizm
натрий	natrʲɪj
натюрморт	nətʲʊrmort
нау	nɑu
науру	nɐurʊ
наурыз	nawrɯz
наутилус	nəʊtʲiɫʊs
нафталин	nəftɐlʲin
наша	nɑʃɑ
нашар	nasaɾ
нашар	naʃɑr
нашар	nɑʃɑr
нашарлап	naʃɑɾˈlɑp
нашарлатқан	naʃɑɫɑtqɑn
нашарлағанша	naʃɑɾɫɑʁaʃ
нағашы	naʁaʃɛ
нағыз	naɣɯz
нақұрыс	naqurs
нда	ndɑ
не	ne
не	nˈe
неге	nege
негізі	nɛɣɪˈzɪ
негізін	neɣiˈzɪn
негізінде	negiˈzində
недеген	nʲedʲegæn
неден	nedɪn
нейтрон	nʲɪjtron
неліктен	nɛlɪktɛn
немен	nʲemʲen
немене	nemene
немерем	nemɪrɪm
немерең	nemereŋ
немесе	nʲemʲeˈsʲe
немістер	nemɪstɪr
нені	neni
ненің	neˈniŋ
несие	ni˨˩˦ɕjɛ˥˩
несі	nɪˈsɪ
неткен	neˈtken
неше	neʃe
нешеде	neʃede
неғылған	neɣɯɫˈɣɑn
неғып	neɣɯp
неңе	neɣe
нигихаями	niɣɯxɑjɯmɯ
ник	nik
ники	niˈkɪ
николасым	nikoɫɑsɯm
ноколас	ˈnɔkɔlɑs
ноктюрн	nɐktʲurn
нора	ˈnɔrɑ
норвегия	nɐrvʲegʲɪjə
норматив	nərmɐtʲif
ноутбук	noʊdbʊk
нумизматика	nʊmʲɪzmatʲɪkə
нура	nuɾɑ
нурамын	nuɾamən
нуржан	nˈuɾʒɑn
нуси	nuˈsi
нутация	nʊtatsɨɪ̯ə
ньютон	nʲjʊton
нұр	nur
нұрай	naraj
нән	nen
нәрестесі	næɾestɛsɪ
нәрсе	nerˈsɛ
нәрсе	næɾsæt
нәрсеге	nersege
нәрселерді	nerseɫerdɪ
нәрселердің	nersɪlɪˈɾɪŋ
нәрсені	nersɪ
нәрсесі	nerˈsɛsɪ
нәрсеңді	nerˈsɘŋdɘ
нәскимен	ˈnæskɪˌmen
нәсілшіл	næsɘlʃɘl
нәсілшілдік	næsɘlʃɘldɘk
нәсіпқұмарларға	nasɪpqʊmɑɫɑrɑ
нәтижелерді	ˈnætiʒelɪrˈdi
нәтижелі	nætɘjʒelɘ
нәтижелілік	nætɘjʒelɘlɘk
нәтижесіз	nætɘjʒesɘz
нәтижесін	næˈtʲiʒesɪn
нөл	nɵl
нөл	nˈœl
о	ɔ
обалына	ɔbɑlɯnɑ
облигация	ɐblʲɪgatsɨjə
облыс	wo̞bləs
обот	ɔˈbot
оботтың	ɔβotˈtɯŋ
оботқа	ɔbɔtqɑ
объект	ɐbjekt
оганесон	ɐgənʲɪson
одан	ɔˈdɑn
оданда	ɔdɑndɑ
одиссея	ɐdʲɪsʲeɪ̯ə
одометр	ɐdomʲɪtr
озық	uzɯq
ой	ɔj
ойла	ɔjˈlɑ
ойладым	ɔjɑɫɯm
ойладыңыз	ɔjɯɫɯˈdɯŋɯz
ойлай	ɔjˈlɑj
ойлайды	ɔjlɑjdɯ
ойлаймыз	ɔjlɑjmɯz
ойлаймын	ɔjlajmɯn
ойлайсыз	ɔjlɑjsɯz
ойлайсың	ɔjlɑjsɯŋ
ойлайтын	ɔjlɑjtɯn
ойламайды	ɔjlɑmajˈdɯ
ойламаған	ɔjlɑmɑʁ
ойландым	ɔjlɑndɯm
ойландырды	ojlɑndɯrdɯ
ойландың	ɔjlɑndɯŋ
ойлап	ɔjˈlɑp
ойларың	ɔjɯɫɯɾɯŋ
ойлауың	ɔjlɑwɯŋ
ойлағам	ɔjlɑɣɑm
ойлағаның	ɔjlɑɣɑnɯŋ
ойна	ɔjˈnɑ
ойнаймын	ɔjnɑjmɯn
ойнағып	ɔjnɑɣɯp
ойым	ɔjɯm
ойымды	ojɯmˈdɯ
ойын	ɔjɯn
ойынан	ojɯnɑn
ойыншық	ɔjɯnʃɯq
ойыншықтарды	ojɯnʃɯqtaɾdɯ
ойыныңызды	ɔjɯnɯjɯzdɯ
ойыңа	ɔjɯˈŋɑ
ойыңда	ɔjɯŋdɑ
ойыңды	ɔjɯŋdɯ
ойыңыз	ɔjɯŋɯz
округ	okrʊg
ол	ɔɫ
олай	ɔˈlɑj
олар	ɑɫɑr
оларда	ɔɫɑɾdɑ
олардан	ɑɫɑɾˈdɑn
оларды	ulɑrdɑ
оларды	ɔɫɑɾdɯ
олардың	ɔɫɑɾˈdɯŋ
оларға	ɔɫɑrɣɑ
олигархия	ɐlʲɪgarxʲɪjə
ом	om
омбы	wombɯ
омоним	ɐmonʲɪm
он	on
онда	ɔnˈdɑ
ондай	onˈdɑj
ондаған	ɔndɑɣɑn
оникс	onʲɪks
онлайн	onlajn
ономастика	ɤnɐmastʲɪkə
онсыз	onˈsɯz
онша	onʃɑ
оны	ɔnɯ
оныда	ɔnɯdɑ
онымен	onɯˈmen
оның	ɔnɯɴ
оның	ɔ̙nɨm
ооған	ɔːˈɣɑn
операция	ɐpʲɪratsɨɪ̯ə
операция	ɔpʲɪrɑˈtsɪjə
опоссум	ɐposʊm
опреация	ɔprʲɛɑtsɪjɑ
опреацияны	ɔprʲɛɑtsʲɪɑnɯ
орал	goral
орал	ɔˈɾɑɫ
ораламын	ɔɾɑɫɑmɯn
оралма	ɔrɑlmɑ
оралмаған	ɔrɑlmɑˈʁɑn
оралуын	ɔrɑɫʊɯn
орамал	ogɾɑmɑɫ
орап	ɔˈrɑp
оратория	ɐrɐtorʲɪɪ̯ə
ордабасы	orˈdɑpɑsɑ
ордеріміз	ɔrdɪˈrɪmɪz
ориентация	orjɛntatsɨja
ориентациясы	orjentatsɨjasɨ
орман	wormɑn
орнатуға	ɔrnɑtʊʁɑ
орнатылған	ɔrnɑtɯɫɣɑn
орны	ɔrnɯ
орныма	ɔrnɯmɑ
орнын	ɔrnɯn
орнына	ɔrnɯnɑ
орнында	ɔrnɯnˈdɑ
орнықты	ɔrnɯqtɯ
орта	porta
орта	ɔrtɑ
ортада	ɔrtɑdɑ
орталығы	ɔrtɑˈɫɯ
орфография	ɐrfɐgrafʲɪɪ̯ə
орфографиялық	ɐrfɐgrafʲɪɪ̯ələq
орын	voɾən
орын	ɔˈrɯn
орынбасар	worʊnbɑsɑr
орында	ɔrɯnˈdɑ
орындалатын	ɔrɯndɑɫɯtɯn
орындалса	ɔrɯndɑɫsɑ
орындап	ɔrɯndɑp
орындасаңдар	ɔɾɯndɑsɑŋdɑɾ
орындаңдар	ɔrɯnɑɯŋdɑr
орынға	ɔrɯŋɑ
орыс	wo̙rʊs
орыс	ɔrɯs
осы	osso
осы	ɔsɯ
осыдан	ɑsɯˈdɑn
осылай	ɔsɯˈlɑj
осылар	ɔsɯˈlɑr
осымен	ɔsɯˈmɛn
осында	osɯmda
осында	ɔsɯnˈdɑ
осындай	osundaj
осындай	ɔsɯnˈdɑj
осындайда	ɔsɯndɑjˈdɑ
осындамын	ɔsɯnɑmɯn
осындасың	ɔsɯndɑsɯŋ
осындағы	ɔsɯnɑˈɣɯ
осынша	ɔsɯnʃɑ
осыны	ɒsɯˈnɯ
осыған	ɔsɯˈʁɑn
от	ot
ота	ɔta
отан	wo̞tɑn
отбасы	wotbɑsɯ
отбасынанмын	otbɑsɯnɑmɯn
отын	wotən
отыр	ɔtɯr
отырады	ɔtɯrɑdɯ
отырар	otrɑr
отырды	otɯrdɯ
отырдың	ɔtɯɾdɯŋ
отырмаймын	ɔtɯrmɑjmɯn
отырмасаң	ɔtɯrmɑsɑŋ
отырмын	ɔtɯɾmɯn
отырсаң	otɯrˈsɑŋ
отырсыз	otɯrˈsɯz
отырсың	ɔtɯrˈsɯŋ
отыру	otaru
отыру	otɯˈru
отыруымыз	ɔtɯɾʊymɯz
отыруыңа	otɯrujˈŋa
отырып	otɯˈrɯp
отырыңдар	ɔtɯɾəŋdɑɾ
отырыңыз	ɔtɯˈrɯŋɯz
отырыңызшы	otɯrɯŋɯʃ
отырған	otɯrˈʁɑn
отырғаным	ɔtɯɾʁɑnɯm
отқа	otqɑ
офисті	ɔfʲɪsˈtʲɪ
офисын	ɔfisɯn
оын	ɔɯn
оян	ɔjɑn
ояндың	ɔjɑndɯŋ
ояттырады	ojɑtɯrɑdɯ
оятқанды	ojɑtqɑnˈdɯ
оған	ɔˈɣɑn
оқ	ɔq
оқасы	ɔqɑsɯ
оқисың	ɔqɪsɯŋ
оқисыңдар	ɔqɯsɯŋdɑr
оқиға	ɔqɯɣɑ
оқиғалар	ɔqɯɣɑɫɑɾ
оқиғаларды	ɔqɯɣɑɫɯɾdɯ
оқиғаларға	ɔqɯɣɑɫɑɾɑ
оқудан	ɔqʊdɑn
оқушы	okʊʃˈe
оқушылар	ɔqʊʃɯɫɑɾ
оқушысы	ɔqʊʃɯsɯ
оқыдым	ɔqɯˈdɯm
оқыдың	ɔqɯˈdɯŋ
оқылған	ɔqɯɫɣɑn
оқып	ɔqɯp
оқытушы	okɨtuʂa
оңай	ɔŋɑj
оңбайсың	ɔŋbɑjsɯŋ
оңбаған	ɔŋbɑɣɑn
оңтүстік	woŋtstʉ̞k
оңтүстік	ɔŋtʏsˈtɪk
оңға	ɔŋɣɑ
па	pɑ
павлодар	pɑvɫədɑr
пайда	pɑjˈdɑ
пайдаланамын	pɑjdɑlɑnɑmɯn
пайдаланып	pɑjdɑlɑnɯp
пайдаң	paɪˈdɑŋ
пайызы	pajɯzɯ
пайғамбар	pajɣambar
палата	pɐɫatə
палеобиология	palʲɪəbʲɪɐɫogʲɪɪ̯ə
палеография	pəlʲɪɐgrafʲɪɪ̯ə
палеоклиматология	palʲɪəklʲɪmətɐɫogʲɪɪ̯ə
панк	pank
панорама	pənɐramə
папаны	pɑpɑnɯ
папирос	pəpʲɪros
парагвай	pərɐgvaj
парадигма	pərɐdʲigmə
парадокс	pərɐdoks
паразит	pərɐzʲit
параллакс	pərɐɫaks
параллелограмм	pərəlʲɪɫɐgram
параметр	pɐramʲɪtr
паранойя	pərɐnoɪ̯ːə
паранормалды	parɑnɔrmɑɫdɯ
парасатты	pɑrɑsɑtːɯ̞
парақор	pɑrɑqor
парақорлық	pɑrɑqorɫɯq
париж	paɾɪʃ
парк	pɑrk
парламент	pɐrɫamʲɪnt
партизан	pərtʲɪzan
партизандық	pərtʲɪzandəq
партия	partʲɪjə
пастор	pastər
пасық	pɑsɯ̞q
пасық	pɑˈsɯq
патент	pɐtʲent
патоген	pətɐgʲen
патогенез	patəgʲɪnɛs
патологоанатом	patoloɣoanatom
патриарх	pətrʲɪarx
патша	paʈʃɑ
патшасы	pɑtˈʃɑsɯ
пациент	patsiˈjɪnt
пациентті	patsʲiˈjɛntɪ
пациетті	pɑtsʲjetɪ
пациетім	pɑtsʲjɪtɪm
пацифизм	pətsɨfʲizm
паштет	pɐʃtʲet
пе	pʲe
педагог	pʲɪdɐgog
педофил	pedɔfɪl
пен	pʲɪn
пеницилин	penʲɪtsɪlʲɪn
перкинс	pʲɪrkʲɪns
перудегі	perudegi
пері	pʲerɘ
перғауын	pʲerɣɑwɯn
пилотка	pʲɪɫotkə
пирамида	pʲɪrɐmʲidə
пиримидин	pʲɪrʲɪmʲɪdʲin
плазмид	pɫɐzmʲid
плазмида	pɫɐzmʲidə
планеталықтар	planjetɑlətqɯtɑr
планка	planqɑ
пластик	pɫasʲtʲɪk
плошка	ploʃkɑ
плутон	plut̪on
позитивизм	pəzʲɪtʲɪvʲizm
позитрон	pəzʲɪtron
пойыз	pojɯz
пойызы	pojezɑ
полимер	pəlʲɪmʲer
полицейлік	politsʲeˈlik
полицейліксіз	polʲitsɪjˈlɪksɪs
полиция	pɔlʲɪˈtsɪjə
полицияға	poliʦijəɣə
полонез	pəɫɐnɛz
порнография	pərnɐgrafʲɪɪ̯ə
порт	port
постмодернизм	postmədɛrnʲizm
пошта	poʃta
пошталық	poʃtaɫɯq
пошташы	poʃtaʃɯ
поэзия	pɐɛzʲɪjə
поэтика	pɐɛtʲɪkə
предикат	prʲɪdʲɪkat
предикатив	prʲɪdʲɪkɐtʲif
президентпен	prʲezʲɪˈdʲentpʲɪn
прес	prʲɪs
пресса	prʲɪˈsa
призма	prʲizmə
примат	prʲɪmat
принстон	prʲɪnˈstɔn
принтер	prʲintɘr
принтер	prʲintɛr
проблеманы	pɾobɫemɑnɯ
провинция	prɐvʲintsɨɪ̯ə
прогестерон	prəgʲɪstɛron
прокуратура	prəkʊrɐturə
прокуратурасына	prɑkʊrɑtʊrɑsɯnɑ
прокуратурасынанбын	prɑkʊrɑtʊrɑsɯnɑbɯn
прокуратураға	pɾokuraturaɣa
прокурор	prəkʊror
протекционизм	prətʲɪktsɨɐnʲizm
прототип	prətɐtʲip
профиль	profʲɪlʲ
психиатрия	psʲɪxʲɪɐtrʲijə
психоз	psʲɪxoz
психология	psʲɪxɐlogʲɪjə
пульмонология	pʊlʲmənɐɫogʲɪɪ̯ə
пысық	pəsə
пьеса	pjesə
пікіріңді	pikiriŋˈdi
пұл	pum
пәк	pæk
пәкістан	pækistan
пәкістан	pækistɑn
пәкістан	pækɘstɑn
пәкістан	pækɪstɑn
пәлсапа	pæɫsɑpɑ
пәтер	patʲir
раввин	rɐvʲin
радиан	rədʲɪan
радиозонд	radʲɪozond
радиостанция	rədʲɪɐstantsɨjə
радияциямен	radʲɪjɑtsʲɪɑˈmen
райхан	ɾajxan
райы	rajɯ
раритет	rərʲɪtʲet
рас	ras
расымен	rasɯmen
расында	raʃɯˈdɑ
раушан	ɾɑwˈʃɑn
рахмет	ɾɑχˈmɛt
рақмет	raqmet
режим	reʒɪm
резерфордий	rʲɪzʲɪrfordʲɪj
рейтинг	rɛjtʲɪnk
ренжімессің	renʒimeˈsɪŋ
ренжітсең	ɾeɲʐɪtˈseŋ
ресейде	ˈrʲesʲejdʲe
ресми	resmɘj
ресми	ɾesmi
рет	ɾet
ретке	ɾetˈkæ
ретінде	ɾetinde
реформатор	rʲɪfɐrmatər
реформизм	rʲɪfɐrmʲizm
рецептор	rʲɪtsɛptər
риддер	rɪdːər
риддер	ɾɪddɛɾ
рин	rin
роберт	ɾobɘrt
родригеспен	rodrʲigesˈpɛn
романтикалық	rɐmantʲɪkəɫɯq
роммель	romːl
россия	rɐsʲijə
рота	rotə
роуд	ruːd
руанда	rʊandə
рудный	rudnɨ
руларының	ɾʊɫɑɾɯˈnɯŋ
рухы	ɾʊχɯ
рэнди	ɾændʲi
рұқсат	rʊqsɑt
рұқсат	ɾʊqsɑt
рұқсатнама	rʊqsɑtnɑmɑ
рұқсатсыз	ɾʊqsɑtsɯs
рәміз	ræmɘz
рәмізі	ræmiˈzi
сабақ	tɑːbɑːq
сабыр	sabɐr
сабыр	sɑbɯr
сага	sagə
садақ	sɑdɑq
сазгер	sɑzgʲer
сай	sɑj
сайлаушы	sɑjɫɑwʃɯ
сайрам	sajram
сайтан	sɑjtɑn
сайтымызға	sɑjtɯmɪzʁɑ
сайын	sɑjɯn
сакэ	sakˈɛ
сал	saɫ
сал-сері	salseɾ
сала	saɫa
салайын	sɑlɑjɯn
саламандра	səɫɐmandrə
саламат	sɑlɑmɑt
саламатсызба	ˈsɑlɑmɑtsɯzβɑ
саламыз	ˈsɑlɑmɯz
саласыз	ˈsɑlɑsɯz
салат	sɐɫat
салауат	sɑɫɑwɑt
салем	ˈsɑlæm
салмаймыз	sɑlmɑjˈmɯz
салмаппыз	ˈsɑlmɑpɯz
салмақ	sɑmɑq
салмақты	sɑɫmɑqtɯ̞
салсам	ˈsɑɫsɑm
салт	sɑɫt
салтанат	saltɑnˈat
салу	sɑːlˈo
салым	sɑɫɯm
салынған	ˈsɑɫɯŋɑn
салық	sɑɫɯq
салыңдар	ˈsɑɫəŋdɑr
сальвадор	səlʲvɐdor
салған	ˈsaɫɣɑn
самал	sɑmɑl
самоа	sɐmoə
санаймыз	sɑnɑjmɯz
санайсың	ˈsɑnɑjsɯŋ
саналмайды	sɑnɑɫmɑjˈdɯ
сандал	ˈsɑndɑɫ
сандалып	ˈsɑndɑɫɯp
сандар	sandãɾ
сандуғаш	sanduwʁaʃ
сандырағын	ˈsɑndɯrɑɣɯn
сандырақ	ˈsɑndɯrɑq
сандырақтап	ˈsɑndɯrɑχˌtɑp
сандыраққа	ˈsɑndɯrɑqqɑ
сандық	sɑndɯq
санкция	sanktsɨjə
сапа	apa
сапарды	sɑpɑrdɯ
сапарым	ˈsɑpɑrɯm
сапарымда	ˈsɑpɑrɯmˈdɑ
сапарға	ˈsɑpɑrʁɑ
сапасыз	sɑpɑsɯz
сарайға	ˈsɑrɑjɣɑ
сарамын	ˈsɑrɑmɯn
саран	sɑɾɑm
саран	sɑɾɑn
сараның	ˈsɑrɑnɯŋ
сараңданып	ˈsɑrɑŋdɑˈnɯp
сараңсың	ˈsɑrɑŋsɯŋ
саркома	sɐrkomə
сары	tɑːrɑ
сарыағаш	saɾaʁɑʃ
сарғылт	sɑrɣɯɫt
сата	sɑtɑ
сатып	sɑtɯp
сатқаныңыз	ˈsɑtqɑˌnɯˈʁɯ
сатқын	ˈsɑtqɯn
сатқындар	ˈsɑtqɯndɑr
сау	sɑw
сауалдары	sɑwɑɫdɑrɯ̞
сауалымыз	ˈsɑwɑləmɯz
сауда	sɑwda
сауда	ˈsɑwdɑ
сауды	sɑwˈdɯ
сауле	sɛulɪ
саулығы	ˈsɑwɫɯɣɯ
саулық	sɑwˈɫɯq
сауран	sɑwrɑn
саусақ	sɑwsɑq
сауып	sɑwɯp
сауыққа	sɑwɯqˈqɑ
сая	sɑ̝̙jɑ̝̙
саябақ	sɑʕɑbaq
саяжол	sɑjɑʒoɫ
саяз	saˈjɑz
саясат	sɑjɑsɑt
саясаткер	sæjasætkir
саясаткер	sɑjɑsɑtkʲer
саясаткерлері	sɑjɑsætkɛnlærɪ̞
саясаттанушы	sɑjɑsɑtɑnʊwʃɯ
саясатшы	sɑjɑsɑtʃɯ
саясатын	sɑjɑsɑtɯn
саяси	sɑjɑsi
саяхатшы	sɑjɑxɑtʃɯ
саған	sɑˈɣɑn
сағат	sɑˈʁɑt
сағатта	sɑʁɑtːɑ
сағаттан	ˈsɑɣɑtˈtɑn
сағатшы	sɑɣɑtʃɯ
сағыз	sɑːgɯz
сағындым	sɑqɯndɯm
сақал	sɐqaɫ
сақал	sɑqɑɫ
сақалың	ˈsɑqɑɫɯŋ
сақау	sa˨˩kaːw˧
сақтадым	ˈsɑqtɑdɯm
сақтаймын	sɑqtɑjˈmɯn
сақтайсыз	sɑqtɑjsɯz
сақтайтын	sɯqtajtɯm
сақтандырғыш	sɑqtɑndɯrɣɯʃ
сақтап	ˈsɑqtɑp
сақтау	sɑqˈtɑw
сақтауым	ˈsɑqtɑwmɯ
сақтығын	ˈsɑqtɯʁɯn
сақтық	sɑqtɯ̞q
саңырауқұлақ	sɑŋɯrɑwɣʊɫɑq
себебі	ˈsɛbɪˌbɪ
себебім	ˈsɛbɪˌbɪm
себебін	ˈsɛbɪˌbɪn
себебінен	ˈsɛbɪˌbɪˈnɛn
себеп	ˈsɛbɪp
себіңіз	ˈsɛbɪŋɪz
себіңізді	ˈsɛbɪŋɪzˈdɪ
сегіз	sʲegiz
сезесің	sɛzɛˈsɪŋ
сезім	sɛˈzɪm
сезімсіз	ˈsɛzɪmsɪz
сезімталдықты	ˈsɛzɪmtɑɫtɯqtɯ
сезіміңіз	ˈsɛzɪmɪŋɪz
сезінем	ˈsɛzʏˈnæm
сезіп	ˈsɛzɪp
сейсмограф	sʲɪjsmogrəf
секанс	sɛkəns
секемім	sekemim
секстант	sʲɪkstant
секстет	sɛksʲtʲet
секунд	sʲekʊnd
секілді	ˈsɛkɪɫdɪ
секілдімісің	sɛkɪldɪmɪsɪŋ
секір	sekɪr
селенит	sʲɪlʲɪnʲit
селқос	silqos
семантика	sʲɪmanʲtʲɪkə
семей	sʲemʲej
семиотика	sʲɪmʲɪotʲɪkə
семсер	sʲimsʲir
семіріп	semɪrip
сен	sen
сен	sin
сенат	sʲɪnat
сенбеген	senbegen
сенбейді	senbejdi
сенбеймін	senbejmin
сенбейсіз	senbejsiz
сенбейсің	senbejsin
сенбейтін	senbejˈtin
сенбеуіміз	senbewimiz
сенгім	senˈɣim
сенгің	senˈɣɪŋ
сенде	sende
сендейлерге	sendejɫɪrˈʁe
сендер	sendeɾ
сендерге	sendeɾɣe
сендерді	sendeɾɯ
сендердің	senderiŋ
сендермен	sendɘrmɘn
сендерсіз	sendeɾˈsɯs
сенді	senˈdi
сендім	senˈdim
сендірудің	sendiru'diŋ
сене	sene
сенеді	senedi
сенем	senem
сенемін	senjemin
сенен	senen
сенер	senɪr
сенесіз	senesiːz
сенесің	senesiŋ
сенетін	senetʲin
сенетіп	senetip
сеннен	senen
сену	senu
сені	seni
сенікі	seniki
сенімді	senimde
сенімділікте	senimdɪlɪktʲe
сенімдіммін	senimdimmin
сенімдімін	senimdimi
сенімдісің	senimdisiŋ
сенімен	senimɪn
сеніміңізге	senimɪŋɪzge
сеніп	senip
сенің	seniŋ
сеніңше	seniŋʃe
сепсис	sɛpsʲɪs
сергіп	sergɪp
серт	sirt
серуендеп	serʉɪ̯ɪ̯ɪ̯ndɪp
сессия	sɛsʲɪɪ̯ə
сигнал	sʲɪgnaɫ
силикоз	sʲɪlʲɪkoz
символизм	sʲɪmvɐlʲizm
сименс	sʲimʲɪns
синагога	sʲɪnɐgogə
сингапур	sʲɪngɐpur
синдикат	sʲɪnʲdʲɪkat
синдром	sʲɪndrom
синоним	sʲɪnonʲɪm
синтезатор	sʲɪntɨzatər
синус	sʲinʊs
сионистер	siɔnɪstɪr
сияқты	ʃijɑqtɯ
сияқтымыз	ʃijɑqtɯmɯz
сияқтымын	sɪjɑqtɯmɯn
сияқтысың	ʃijɑqtɯsɯŋ
сиқырдың	sɯqɯɾɯŋ
сиқырлы	sɯqɯɾɯ
сиқырмен	sɯqɯrmɘn
сиқыршы	sɯqɯrʃɯ
сиқыршылық	sɯqɯɾʃɯɫɯq
сиқыршының	sɯqɯɾʃɯˈnɯŋ
сиқырымды	sɯqɯɾɯmˈdɯ
скалли	skɑlʏ
скаллимін	skɑlɯˈmɯn
скипидар	skʲɪpʲɪdar
скот	skot
содан	sodɑn
содан	sɔˈdɑn
созғансыз	sɔzɣɑnsɯz
сойып	sɔjɯp
сол	soɫ
солай	solaɪ
солардың	solaɾɯŋ
солақай	solɑqaj
солақай	sɔɫɑqɑj
солитон	səlʲɪton
соло	soɫo
сомали	səmɐlʲi
сомдалу	so̞mdɑɫu
сомерсет	sɔmʲɪrˈsʲɛt
сона	sonu
сонда	sɔnˈdɑ
сондай	somdaj
сондай	sondaj
сондықтан	sondɯtɑn
сондықтан	sɔndɯqˈtɑn
сонша	sɔnʃɑ
соншалықты	sɔnʃɑɫɯktɯ
соншама	sɔnʃɑmɑ
соны	sɔnɯ
сонысын	sɔnɯsɯn
сор	sɔr
сорпа	sorpa
сору	sorʊw
сосын	sɔˈsɯn
сот	sot
софтбол	sɐftboɫ
социализм	sətsɨɐlʲizm
социалистік	sətsɨəlʲɪstɘk
соға	sɔˈʁɑ
соған	sɔˈʁɑn
соғысу	soɣʊsʊw
соқпаған	sɔqpɑɣɑn
соққан	sɔqqɑn
соққаным	sɔqqɑnɯm
соққаныма	sɔqqɑnɯmɑ
соң	sɔŋ
соң	sɔ̃
соңы	sɔgɑ
соңымнан	sɔŋɯmˈnɑn
соңымыздан	sɔŋɯmɯzd̪
соңына	sɔŋɯnɑ
соңғы	sɔŋɣɯ
соңғым	sɔŋɣɯm
спам	spam
спектроскопия	spʲɪktrəskɐpʲijə
спидометр	spʲɪdomʲɪtr
спорт	sport
спорт	spɯrt
стадыңдар	staˈdɯŋdɑr
стамаңдар	staˈmaŋdɑr
стандартты	stɐndartɯ
стандарттық	stɐndartɯq
стандартқа	stanˈdɑrtqɑ
станциямыз	staɲiʝɑˈmɯz
статика	statʲɪkə
стационар	stətsɨɐnar
стақан	stɐqan
степлер	stɛplʲɪr
степногор	stipnogor
степногорск	stʲepnɐgɔɾsk
стерадиан	stɛrədʲɪan
стерлинг	sterlʲɪŋ
сто	sʰo
стоун	sˈtun
стратиграфия	strətʲɪgrafʲɪjə
студиясы	stʊdʲɪjəsɯ
су	suw
су	sʉ
су	sˈu
субтитірлерін	suβtɪtɪrleɾɪn
субъект	sʊbjekt
суды	sʊdɯ
сулы	suwlˠə
сумо	sʊmo
суреттегі	soɾetteɣi
суреттерді	soretˈtɘrdi
суретін	soɾetʰin
суринам	sʊrʲɪnam
сусиыр	sʊ̞sʲɪr
сусын	sʉsɯn
сусынға	sʉsɯŋɑ
суфле	sʊflʲe
суық	sʊwʊq
суға	sʊɣɑ
сыбайлас	sɯbɑjˈlɑs
сыйлады	sɯjɯɫɯ
сыйлаймын	sɯjlajmɯn
сыйлайтын	ˈsɯjɯɫɯtɯn
сыйлаңыз	sɯjlɑŋɯz
сыйлығым	sɯjɯˈlɯɣɯm
сыйлық	sɯjɯɫɯq
сыйырды	sɯjɯɾdɯ
сыйырдың	ˈsɯjɯɾdɯŋ
сыйырмен	sɯjɯrmʲen
сылақшы	sɯlɑqʃɯ
сымбатты	sɯmβɑtːɯ
сынап	sɯnɑp
сынау	snau
сынақ	snˈak
сынбаған	sɯmbaˈʁɑn
сынды	sɯndɯ
сындыр	sɯndɯɾ
сындыру	sɯndɯɾu
сынып	sɯnɯp
сынған	sɯŋˈɣɑn
сыра	sɯrɑ
сыртта	ˈsɯrtːɑ
сыртында	sɯrtɯnda
сыртында	sʊ̞rtʊ̞ndɑ
сыртқа	ˈsɯrtqɑ
сыртқы	sɯrtqɯ
сырқат	sɯrqɑt
сыңарым	sɯŋɑrɯm
сэн	sen
сэнге	ˈsæŋgʲe
сэнды	ˈsɛndɯ
сэнді	ˈsændi
сэннен	senen
сэннің	ˈsɛnnʲi
сэр	sɘr
сюрреализм	sʲʉrʲɪɐlʲizm
сюрреалистік	sʲʉrʲɪəlʲɪsʲtik
сіз	sɪz
сіз	sɯz
сізбен	sizbʲin
сізбен	sɪzˈbɪn
сізге	sizgeː
сізге	sɪzɣe
сізден	siːzˈdɛn
сіздер	sizdir
сіздерге	sɪzˈdʲɪrɣe
сіздердің	sʏ̞zdʲɪrdɪ̞ŋ
сізді	sizde
сізді	sɪzˈdɪ
сіздің	sɪzˈdiŋ
сізсіз	ˈsɪzˈsɪz
сізідң	siˈzɯŋ
сілеусін	sɪlewsɪn
сіріңке	sɘrɘŋkʲe
сірә	ˈsɪræ
сіізге	ɕiːzge
сіңілісі	ˈsɪŋɪlɪsɪ
сіңіріңізді	siŋiɾiŋizdi
сүзіп	sʉzɪp
сүйген	sɯjˈgen
сүйек	sʏjø̞k
сүйектері	sɯjɪkˈtæɾɪ
сүйер	sɯjɪr
сүйкімді	sɯjkɯmdɯ
сүйрей	sɯjˈrej
сүйіс	sʉjɘs
сүйісудемін	sɯjɯsʉdʉmʉn
сүр	sɯɾ
сүреді	sʉˈrɪdɪ
сүреміз	sʉrɪˈmɪz
сүріп	sɯrip
сүтін	sʉtɪn
сүю	si˥˩ju˥˩
сүю	sʉjʉ
сұйық	sɯjɯq
сұйықтық	sʉjɯqtɯq
сұмдық	sʉmˈdɯq
сұмырай	ˈsʊmɯɾaj
сұра	suˈrɑ
сұрадым	soɾɑdɯm
сұрай	sʊˈrɑj
сұрайм	sʉrɑjm
сұраймын	sorajmən
сұрайтын	sʉrɑjtɯn
сұрайын	soɾajˈjɯn
сұрануға	sōɾanuʁɑ
сұрап	sōˈrɑp
сұрау	sɯɾɑw
сұрау	sʊɾɑl
сұрауға	sʉrɑʊɣɑ
сұрашы	sʉrɑʃɯ
сұраған	sɯɾɑɣɑn
сұрағаны	so̙raʁaˈnɯ
сұрағанын	so̙ɾɑɣɑˈnɯn
сұрағы	sōrɑɣɯ
сұрақ	srɑq
сұрақ	sʊrɑq
сұрақ	sʊˈrɑq
сұрақтары	surɑqtˈɑri
сұхбатқа	sʊχbɑtqɑ
сәби	sebi
сәбихана	sæbɪjxɑnɑ
сәбиімді	sæbɪmˈdi
сәбиіңізді	ˈsæbɪjɪŋɪzˈdi
сәйкес	sɑjˈkɘs
сәл	ˈsæl
сәлден	ˈsældɘn
сәлем	salem
сәлем	sælje̘m
сәлем	sælɪm
сәлем!	sælɪm
сән	sen
сәния	seniɛ
сәнқой	senqoi
сәтбаев	sætpɑjef
сәтке	sɑtˈkæ
сәттен	sɛtˈtɛn
сәтті	sætdæ
сәтті	sætʲi
сәукеле	sæwkejɫe
сәулет	sæwlet
сәулет	sæwlʲet
сөз	køz
сөз	sɵz
сөздеріңді	sɵzdæɾɪŋdɪ
сөзді	sɵzdɪ
сөздік	søzdʏk
сөздікжасам	søzdʏkʒɑsɑm
сөзімді	søzɪmdɪ
сөзін	sɵˈzɯn
сөзіне	søzɪnɛ
сөзіңді	søzɪŋdɪ
сөйлеген	sɔjleˈgen
сөйлейді	sɔjleji
сөйлейсіз	sɔjlejsɯz
сөйлейтін	sɔjlejtɪn
сөйлесе	sɔjˈles
сөйлесейік	sɔjlesɛjɪk
сөйлесем	sɔjlesem
сөйлеспедік	sɔjlespedik
сөйлестік	sɔjlɛstɪk
сөйлестім	sɵjlɪsˈtɪm
сөйлестіңдер	sɔjlesˈtɪŋdɛr
сөйлестіңіз	sɔjlɛstɪŋɪz
сөйлесуге	sɔjlesuɣe
сөйлесуім	sɔjlesuim
сөйлесіп	sɔjlɛsip
сөйтіп	søjˈtip
сөмке	soŋkø
сөндірулі	søndirulɪ
та	tɑ
таба	tɑbɑ
табады	tɑbɑdɯ
табам	tɑbɑm
табамыз	tɑbɑmɯz
табамын	tɑbɑmɯn
табан	tɑbɑn
табандылық	taβɑndɯɫɯq
табандылықпен	tɑbɑndɯɫɯqpɛn
табанын	taːbɑnɯn
табасыз	tɑbɑsɯz
табатын	tɑbɑˈtɯn
табатындарың	taːbɑtɯndɑˈrɯŋ
табиғат	tɑbɯjɣɑt
табу	tɑɑᵐɓu
табуымыз	tɑbʊymɯz
табылады	taβɯɫɯˈdɯ
табылатын	taβɯɫɑtɯn
табылды	tabɯɫˈdɯ
табылған	tabɯɫˈʁɑn
табылғанын	taβɯɫʁɑˈnɯ
табыс	tɑbɯs
табыстар	taβɯstɑr
таж	tɑʒ
тазалай	tazɑɫaj
тазаламадың	tazɑlɑmɑˈðɯŋ
тазалағыш	tazalaɣɯʃ
таймстағы	tɑjmsˈtɑxɯ
тайфун	tɐjfun
тайыз	tɑjɯz
талап	tɑɫɑp
талапқа	talaqˈqɑ
талдықорған	tɑɫdɯqɔɾɣɑn
талпындым	tɑɫpɯnˈdɯm
талшық	taɫʃɯq
талшықты	taɫʃɯqˈtɯ
талып	taɫɯp
талғам	taɫˈʁɑm
талғамы	taɫɣɑmɯ
талқыладым	taɫqɯɫɯˈdɯm
талқылама	tɑɫqɯɫɑmɑ
тамам	tɑmɑm
тамарин	təmɐrʲin
тамаринд	təmɐrʲind
тамаша	tɐmɐʃa
тамаша	tɑmɑʃɑ
тамағымыз	tɑmɑɣɯmɯz
тамағына	tɑmɑɣɯnɑ
тамақ	tɑmɑq
тамақ	ˈtɑmɑq
тамақпен	tɑmɑqˈpɛn
тамақтан	tɑmɑqˈtɑn
тамақтанса	tɑmɑqˈtɑnsɑ
тамшы	taːmʃɯ
тамыз	tamoz
тамыз	tamɯz
тамызда	tɑmɯsˈdɑ
тамыр	tɑmɯr
тана	tɑnɑ
танау	tɑnɑw
танзанияға	taŋzɑniʲɑ
тани	tani
танимын	tanimɯn
танитын	tanitɯn
танк	tank
тану	tɐnˈu
тану	tɑnʊw
танымаймын	tɑnɯmɑjˈmɯn
танымайсыз	tɑnɯmajˈsɯz
таныс	tɑnɯs
танысайын	tɑnɯsɑjɯn
таныспын	tɑnɯspɯn
таныстыруым	tɑnɯstɯɾʊm
таныстырғым	tɑnɯstɯrɣɯm
таныстыққа	taˈnɯstɯqqɑ
танысып	tɑnɯsɯp
танысытырғым	tɑnɯsɯtɯɾɯɣɯm
танысыңыз	dɑnɯsɯnɯz
танысыңыз	taɾnɯsɯɴɯz
танысқаныма	tɑnɯsqɑnɯmɑ
тап	tap
тапанша	tɑpɑnʃɑ
таппай	tɑpɑj
таппасаң	tɑpɑsɑŋ
тапсаң	tapˈsaŋ
тапсырма	tapsɯrma
тапсырма	tapˈsɯrma
тапсырмаң	ˈtɑpsɯrmɑŋ
тапсыру	tapsəro
тапсырыс	tapˈsɯrɯs
тапсырыты	tapˈsɯrɯtɯ
тапты	tap'tɯ
таптым	tapˈtəm
таптық	ˈtɑpqɯq
таптың	ˈtɑptɯŋ
таптыңыз	tapˈtɯŋɯz
тапқыр	tapqɯr
тараз	taɾaz
тараз	tɑɾɑz
тараз	tˈɐɾɑs
таразы	tɑrɑzɯ
таралуы	tɑrɑɫʊɯ
тарап	tɑrɑp
таратады	tɑrɑtɑdɯ
тараңдар	taɾaŋdaɾ
тарбағатай	tɑrbɑɢɑtɑj
тарих	tɑrɪx
тарихшы	tɑrɯjxʃɯ
тарт	tɑrt
тарт	tɑɾt
тарта	tɾta
тартамыз	tɑrtɑˈmɯz
тартсаң	taɾtsɑŋ
тартып	tɑrtɯp
таскент	tæskiːn
таста	tɑˈstɑ
тастадым	tɑstɑˈdɯm
тастадың	tɑstɑˈdɯŋ
тастайды	tɐstajdɪ̞
тастайды	tɑstɑjˈdɯ
тастаймын	tɑstɑjmɯn
тастама	tɑstɑmɑ
тастап	tɑˈstɑp
тастапты	tɑstɑpˈtɯ
тастау	tastao
тастаңыз	tɑstɑŋɯz
тастаңызшы	tɑstɑŋɯʃ
тасымал	tɑsɯmɑɫ
тасымалдап	tɑsɯmɑɫdɑp
тасымалдаушы	tasɯmɑɫdɑwʃɯ
тасымалдаушылардан	tasɯmɑɫdɑwʃɯɫɑrˈdɑn
тату	tɑtʊ
татып	tɑtɯp
тау	tʰɑw
таулық	tɑwɫɯq
тауып	tawɯp
тауық	tɑwʊq
тауьымыз	tawɯmɯz
тахометр	tɐxomʲɪtr
таяқ	tajɑq
таяқ	tɑjɑq
таға	tɑɣɑ
тағамдармен	tɑʁɑmdɑrmʲɪn
тағаммен	tɑɣɑmˈmen
тағамын	tɑɣɑmɯn
тағдыр	tɑɣdɯr
тағдырым	tɑɣdɯɾɯm
тағы	tɑˈʁɯ
тағылатын	tɑʁɯɫɑtɯm
тағылған	tɑɣɯɫɣɑn
тақсыр	tɑqsɯ̞r
тақта	tɑqtɑ
тақта	tɑqˈtɑ
тақтайша	taqtaɪʃɑ
тақырбас	tɑqɯrbɑːs
тақырыбын	taqɯrɯbɯn
таң	tɑŋ
таңбасыз	t̪anmɑsɯz
таңдадың	tɑŋdɑɯdɯŋ
таңдай	taŋgaj
таңдап	taŋdɑp
таңертең	tɑŋerteŋ
таңертең	tɑŋɪrˈtɛŋ
таңғы	taŋɣɯ
таңғышын	taŋɯʃɯn
таңқурай	tankurai
таңқурай	tɑŋqʊwrɑj
твидлдам	tʋɪdɫɑm
твидлди	ˈtwɪdɫdɪ
те	te
театр	teˈɑtər
тегін	tʃeɣin
тез	te̞z
тездет	tezdɪt
тездетіп	tezdetiːp
тездетіңдер	tezdetiŋder
тезис	tɛzʲɪs
тезірек	teˈzʲiɾek
тек	tek
текелі	tekeldi
текпешекпен	tɛkpɛʃɛkpɛn
тексеру	tɛksɛɾʉ
тексеруге	teksɛɾuɣe
тексеруім	teksɛɾuwɪm
тексеріңіз	tegseɾiŋɪz
телевидение	tʲɪlʲɪvʲidʲɪnʲɪje
телеграф	tʲɪlʲɪgraf
теледидар	tʲɪlʲedʲɪˈdɑr
телескоп	tʲɛlʲɛskop
телефон	tʲilʲifon
телефон	tʲɪlʲɪˈfɔn
телефоны	telefoˈnɯ
телефоның	telefonɯŋ
телефонға	telefoŋʁa
темекі	tʲimjkʲi
теміртау	tʲemɘɾtɑw
теократия	tʲɪɐkratʲɪjə
теория	tʲɪorʲɪjə
терапия	terɑpʲiʲɑ
терапиясы	terɑˈpijɑsɯ
тербий	derbʲi
тергейтіндей	tʲergejˈtɪndej
терезе	terɪzɪ
терең	tereŋ
терең	terɪŋ
терең	tʲiɾʲɪn
терминал	tɛrmʲɪˈnɑɫ
террариум	tɛrarʲɪʊm
территория	tʲɪrʲɪtorʲɪjə
терроризм	tʲɪrɐrʲizm
теріңнен	teˈrɪŋnən
тесік	tesɘk
тетікті	teˈtʏkʲtʏ
техникум	tʲexnʲɪkʊm
тең	teŋ
теңдік	teŋdɘk
теңсіздік	teŋsɘzdɘk
теңіз	teŋiʒ
теңізші	teŋɘʃʃɘ
ти	tɪ
тибеттану	tʲɪbʲetanʊw
тигізе	tiɣɯze
тигізесіз	tɪɣɪzɪsɪz
тигізесің	tiɣɪˈzɪsɪŋ
тигізіп	tɪɣɪzɪp
тиеді	tiˈjɪdi
тиелген	tʰiɪ́lgen
тиер	tʲíjɪr
типология	tʲɪpɐɫogʲɪjə
титан	kɪtan
тихироның	tiχiˈroˈnɯŋ
тиым	tɪm
тиіс	tɪɪs
тиісіп	tʰiɪsɪp
тобы	tɔbɯ
тозақ	tozaq
тозбалаңға	tɔzbɑɫɑŋɣɑ
тойбастар	tʊ̞jpɑstɑr
тойдан	tojˈdɑn
тойдым	tɔjˈdɯm
токсикология	təksʲɪkɐɫogʲɪɪ̯ə
толды	tɔɫdɯ
толмағандар	toɫmɑχɑndɑr
толмағандардың	toɫmɑʁɑndɑrdɯ̞ŋ
толтыра	tɔɫtɯɾɑ
толы	toɫə
толы	ˈtɔɫɯ
толығымен	ˈtɔɫɯɣɯˈmɛn
толық	ˈtɔlɯq
толықтай	tɔlɯqtɑj
толықтауыш	toɫɯqtɑwɯʃ
толқын	toɫqən
толқындар	tɔlqɯnˈdɑr
томас	tɔˈmɑs
тондым	tɔndum
тонна	tɔnːa
топ	top
топтар	toptɑr
топтасып	toptɑsɯp
топырақ	topɯrɑq
тор	tˈɔr
торай	tɔˈrɑj
торий	toɾj
тост	nɔst
тост	tɔst
тоты	tɔtɑ
тоғай	toɣɑj
тоқал	tɔqɑl
тоқашты	tɔqɑʃtɯ
тоқсан	tʰoqsɑn
тоқта	tɔqˈtɑ
тоқта	tʊ̞qtɑ
тоқтай	tɔqtɑj
тоқтайды	tɔqtɑjˈdɯ
тоқталды	tɔqtɑɫdɯ
тоқтама	tɔqˈtɑmɑ
тоқтамай	tɔqˈtɑmɑj
тоқтамаңдар	tɔqˈtɑmɑŋdɑr
тоқтат	tɔqtɑt
тоқтатты	tɔqtɑtˈtɯ
тоқтатшы	tɔqtɑtʃɯ
тоқтатылуға	tokʰɑtɯɫʊwɑ
тоқтатыңдар	tɔqtaˈtɯŋdar
тоқтағаным	tɔqtaɣɑnɯm
тоқтаңыз	tɔqtaŋɯz
тоқыдық	tɔqɯdɯq
тоқылдатуды	toqɯldɑtʊdɯ
тоқылдақ	toqʊɫdɑq
тоқылдақ	tɔqɯ̞ɫdɑq
тоңазытқыш	toŋɑzɯtqɯʃ
тоңып	tɔŋɯp
тр	tɾ
трактор	traktor
транзистор	trɐnzʲistər
транквилизаторды	tranqʋɪlɪzɑtɯrɯ
транквилизаторын	tranqʋɪlɪzɑtɯrɯn
транскрипция	trɐnskrʲiptsɨjə
трансферт	transfɛrt
трансұлттық	transʊɫttʊq
трапеция	trɐpʲetsɨjə
трахома	trɐxomə
триангуляция	trʲɪəngʊlʲatsɨɪ̯ə
триатлон	trʲɪɐtlon
триод	trʲɪod
тромбон	trɐmbon
тротуар	trətʊar
трубкаларды	trupkɑlɑrdɯ
трукаларды	tɾukɑɫɑɾdɯ
ту	tʊw
туба	tubə
туды	tudɯ
тудырады	tudɯrɑdɯ
тулун	qulun
тура	dura
тура	tʊˈrɑ
туралымаған	tʊrɑɫɯmɑˈʁɑŋ
турбина	tʊrbʲinə
туризм	tʊrʲizm
турист	tʊrʲist
туф	tuf
туфлиді	ˈtʊfɫɪdɪ
туфлиыңды	tʰulfɯɫɯŋdɯ
туылғалы	tʉɫɣɑɫɯ
туыстық	tʊwəstəq
туған	toʁan
тыл	tɯl
тым	tɯm
тындырмайың	tɯndɯrmɑjɯŋ
тыныш	tɯnɯʃ
тыныш	tɯ̞nɯ̞ʂ
тыныштал	tɯnɯʃtɑɫ
тырнақ	tɯrnɑq
тырнақ	tʏ̞rnʊ̞q
тырнақша	tɾnɑqʂa
тырыс	tɯɾɯs
тырысам	tɯɾɯsɑm
тырысамын	tɯɾɯsɑmɯn
тырысып	tɯɾɯsɯp
тырысқаныма	tɯɾɯsqɑnɯmɑ
тыс	tʊ̞s
тығыз	tɯɣɯz
тығылып	tɯɣɯləp
тығып	tɯɣɯp
тығырықтан	tɯɣɯrɯqtɑn
тыққым	tɯqɯm
тың	tɯŋ
тыңда	tɯŋdɑ
тыңдайды	tɯŋdɑjˈdɯ
тыңдамады	tɯŋdɑmɑdɯ
тыңдамауға	tɯŋdɑmɑwɑ
тыңдап	tɯŋdɑp
тыңдашы	tɯŋdɑʃɯ
тыңдағысы	tɯŋdaɣɯsɯ
тыңдаңыз	tɯŋdɑgɯz
тыңдаңыз	tɯŋdɑŋɯz
тыңдаңызшы	tɯŋdɑŋɯʃ
тізем	tiˈzæm
тізімі	tiˈzimi
тізімін	tiˈzimin
тізіміне	tizimini
тік	tɪk
тікбұрыш	tɘkbʊrʊʃ
тікен	tiˈken
тілегенім	tilɪgeˈnim
тілек	tɯ̞lɯ̞k
тілектер	tiˈlekter
тілмаш	tɘlmɑʃ
тілмен	tɪlˈmen
тілі	tili
тілінде	tilinˈde
тіліне	tiliˈne
тіпті	tip'ti
тірі	tɯ̞rɯ̞
тіс	tʰɯ̞s
тісіңді	tiˈsiŋdi
түбі	tʏbi
түгіл	tʏɣɯl
түйме	tʏjmø
түкір	tʏkɪr
түн	tɪn
түн	tʰyn
түнек	tʏnøk
түрде	tʏɾˈde
түркістан	tʏɾkɘstɑn
түркітану	tyrkɪtɑnʊw
түркітанушы	tyrkɪtɑnʊwʃɯ
түрлде	tɯɾɫde
түрлі	tʉɾˈli
түрме	tʏrmø
түрмеде	tʏrmɘdɘ
түрмені	tʏrˈmɛni
түрімен	tʏrɪˈmʲɪn
түрін	tʏˈrɪn
түріңе	tʏrɪŋe
түс	tʏs
түсас	tʏsɑs
түсер	tʏsɘr
түсесің	tʏsɪsɪŋ
түскен	tʏskɘn
түснем	tʏsnɛm
түссіз	tʏsˈsɪz
түсті	tʏsˈtɪ
түстік	tʏsˈtɪk
түсу	tysˈu
түсімде	tʏsɯmˈdæ
түсіме	tʏsɪmɛ
түсінбейді	tʏsɪnbɪjdi
түсінбейсің	tʏsɪnbɪjsiŋ
түсінбейтін	tʏsɪnbɛjtɪn
түсінгенің	tʏsɪŋeŋ
түсінді	tʏsɪndɪ
түсіндім	tʏsɪndɪm
түсіндірді	tʏsɪndɪrdɪ
түсіндірем	tʏsɪndʏrɪm
түсіндіруге	tʏsɪndɪrʉɣe
түсіндіріп	tʏsɪndɪrɪp
түсіндің	tʏsɪnˈdɪŋ
түсіне	tʏsɪne
түсінеді	tʏsɪnɪdɪ
түсінемін	tʏsɪnɪmɪn
түсінесіз	tʏsɪnɪsɪz
түсінетін	tʏsɪnetʰin
түсінкті	tʏsɪŋkʲtɪ
түсінігіңіз	tʏsɪnɪɣɪŋɪz
түсініксіз	tʏsɪnɪkˈsɪz
түсінікті	tʏsɪnɪktɪ
түсініп	tʏsɪnɪp
түсініңіз	tʏsɪnɪŋɪz
түсір	tʏsɪr
түсірдім	tʏsɯɾdɯm
түсіре	tʏsɪrɛ
түсіремін	tʏsɪrɪmɪn
түсірерсің	tʏsirersɪŋ
түсіру	tʏsɪrʉ
түңгі	tʏŋgɪ
тұз	dˈœʁ
тұл	tʊɫ
тұман	tʊmɑn
тұмар	tʊmɑɾ
тұнбасы	tʰʊmbɑsɯ
тұрады	tʊɾɑɯ
тұрайын	tʊɾɑjɯn
тұрама	tʊrɑmɑ
тұрамын	tʊrɑmɯn
тұрасыз	tʊrɑsɯz
тұратынын	tʊrɑtɯnɯn
тұратынына	tʊrɑtɯnʊnɑ
тұрмайсыз	tʊrmɑjsɯz
тұрмын	tʉrmɯn
тұрмысың	tʊrməsɯŋ
тұрса	tʊrsɑ
тұрсың	tʰʊrsɯŋ
тұру	torou
тұруыңызды	tʰʊɾʊɯŋɯzdɯ
тұршы	tʊrʃɯ
тұрып	tʊˈrɯp
тұрыңдар	tʊˈrɯŋdɑr
тұрыңыз	tʊɾəŋɯz
тұрыңызшы	tʊɾəŋɯʃ
тұрған	tʊɾɣɑn
тұрғанда	tʊrɣɑnˈdɑ
тұрғаннан	tʊrɣɑnɑn
тұрғаным	tʊrɣɑnɯm
тұрғанымызды	tʊrɣanɯmɯzdɯ
тұрғанын	tʊɾɣanɯn
тұрғын	turɣɨn
тұрғын	tʊrɣɨn
тұрғын	tʊ̞rgʊ̞n
тұрғысынан	tʰʊrɣɯsan
тұтамыз	tʊtˈɑmʊs
тұту	tʰʊtuw
тұтынушы	tutɯnʊʃɯ
тұтқындарды	tʰʊtqɯndɑɾdɯ
тұтқындардың	tʊtqɯndɑɾɯŋ
тұтқындағанға	tʰʊtqɯndɑɣɑ
тұяқты	tʊjɑqtɯ
тәжірибе	tæʒɘrɘjbʲe
тәжірибелі	tæʒɪrixbeli
тәндік	tændɯ̞k
тәртіп	teɾtɪp
тәртіпке	tɘrtɘpˈkɘ
тәртіпті	tɘrtɘptɘ
тәрізді	taɾizˈdi
тәсбих	tæsbʲix
тәсіл	tæsɪl
тәуелді	tawejldi
тәулік	tæwlʲɪk
тәурат	tɑwˈrɑt
тәңір	tenɪ̞ɾ
төбе	tøbø
төбелес	tøbøles
төбелес	tøbɪlɪs
төбет	tʏ̞bʲit
төгу	tøgʏw
төзгісіз	tøʒɣɯsɯ
төлей	tøˈlej
төлеймін	tøˈlejmin
төлейсің	tølejsɪŋ
төлеу	tøløw
төлеуші	tøløwʃɘ
төмен	ˈtømɘn
төменге	ˈtømæŋgɘ
төмендеуде	tømɪndøwðe
төраға	tørɑɣɑ
төреші	ˈtøræʃi
төрт	tɵrt
төртінші	tɵrtɘnʃi
төсегіне	ˈtøsɛgɪnɛ
төсегінен	tøsɛginɛn
төсек	tøsøk
төсектегі	ˈtøsɛktæɣi
төңкеріс	tʰøŋkɘˈris
төңкеріске	tøŋkæriˈske
у	u
уайымдадым	wajɯmdaˈdɯm
уайымдай	wajɯmdɑj
уайымдама	wajɯmdaˈma
уайымсыз	wajɯmsɯz
уақыт	waqɯt
уақытта	waqɯt̪ːa
уақытты	waqɯtˈtɯ
уақыты	waqɯtɯ
уақытымды	waqɯtɯmˈdɯ
уақытымызды	waqɯtɯmɯzdɯ
уақытыңызды	waqɯtɯŋɯzˈdɯ
уақытқа	waqɯtqɑ
уганда	ʊgandə
уганда	ʊɣɑndɑ
угандалық	ʊgɑndɑˈɫɯq
угандалықтан	ʊɣɑndɑɫɯqˈtɑn
угандалықтар	ʊɣɑndɑɫɯqˈtɑr
угандаға	ʊɣɑndɑʁɑ
украин	ukrajm
украина	ukrajna
улану	ulanum
уланған	ʊɫɑŋɑn
улауға	ʊlɑwɑ
ультрамикроскоп	ulʲtrəmʲɪkrɐskop
университеті	ʊnʲɪvɪrsʲɪtʲɪ
униформа	ʊnʲɪformə
уран	uran
уругвай	ʊrʊgvaj
утилитаризм	ʊtʲɪlʲɪtɐrʲizm
учаске	ʊtɕaskʲe
уық	uq
уәде	ʊæde
уәдесін	ʊædesin
уәкілдік	ʊækɪldɪk
фагот	fɐgot
факт	fakt
фактор	faktər
факториал	fəktərʲɪal
фантастика	fɐntasʲtʲɪkə
фарад	fɐrad
фармацевт	fərmɐtsɛft
фастфуд	fɐstfud
фейсбуктан	fejsbʊktɑn
феноменология	fʲɪnəmʲɪnɐɫogʲɪjə
феодализм	fʲɪədɐlʲizm
ферменттер	fermenter
фермердің	fermerˈdiŋ
фермермен	fermɛrmɛn
ферметтердің	fermetterɪŋ
феронға	fɘrɘnʁɑ
фетиш	fɛtʲiʃ
феуердің	fejweɾɪŋ
фибриноген	fʲɪbrʲɪnɐgʲen
физиология	fʲɪzʲɪɐlogʲɪjə
филиппиндер	fʲɪlʲɪpʲindʲer
филология	fʲɪɫɐɫogʲɪjə
философия	fʲɪɫɐsofʲɪɪ̯ə
философиясын	filɘsɔfʲiʲɑsɯn
философсыз	filɘsɔfˈsɯz
фильм	film
финляндия	fʲɪnlʲænʲdʲɪjə
фобия	fobʲɪɪ̯ə
фовизм	fɐvʲizm
фокс	fɔks
фонема	fɐnɛmə
фонетика	fɐnɛtʲɪkə
фонон	fɐnon
формализм	fərmɐlʲizm
формасын	fɔrmɑˈsɯn
формула	formʊɫə
форум	forʊm
фосса	foˈsːɑ
фосфор	fosfər
франкенштейн	fræŋkənʃtɛjn
франкенштейнін	fræŋkənʃtɛjˈnɪn
фуга	fugə
функционал	fʊnktsɨɐnaɫ
функционализм	fʊnktsɨənɐlʲizm
функция	funktsɨɪ̯ə
фунт	fonts
футбол	futbol
футболкаңды	ftbolqɑŋdɯ
футболкаңызды	futbolqɑŋɯzˈdɯ
футболкаңызға	futbolqɑŋɯzɑ
футуризм	fʊtʊrʲizm
фюзеляж	fʲʊzelʲɑʒ
фәлсапа	fæɫsɑpɑ
фәлсафа	fæɫsɑfɑ
хабар	xɑˈbɑr
хабардар	xɑbɑɾdɑɾ
хабардарсың	xɑbɑɾdɑrsɯŋ
хабарлама	χɑbɑɾɫɑmɑ
хабарлап	χɑβɑɾɫɑp
хабарлас	xɑbɑɾɫɑs
хабарласамын	χɑbɑɾɫɑsɑmɯn
хабарласпақшы	xɑbɑɾɫɑsˈpɑqʃɯ
хабарлассаңыз	χɑβɑɾɫɑsɑŋɯz
хабарласты	xɑbɑɾɫɑstɯ
хабарласып	xɑbɑɾɫɑsɯp
хабары	xɑbɑrɯ
хабарыңызды	χɑbɑɾɯŋɯzˈdɯ
хакама	xɑkɑmɑ
хакуды	χɑˈkʊdɯ
хакудың	ɑqʊˈdɯŋ
хакусың	χɑkʊsɯŋ
халық	xɑˈɫɯq
халық	χɑɫəq
халықаралық	xɑlɯqɑrɑˈlɯq
халықпен	xɑɫɯqpʰen
халықтың	xɑləqɯtɯŋ
халқы	χɑɫqɯ
халқым	χɑɫqɯm
хан	χɑ̝n
ханым	xɑnɯm
ханымдар	xɑnɯmdɑɾ
ханымның	xɑnɯmˈnɯ
ханымға	xɑnɯmɑ
хаос	xɐos
хассий	xasʲɪj
хат	xɑt
хатшы	xɑtʃɯ
хирург	xʲɪrurg
хирургия	xʲɪrʊrgʲiɪ̯ə
хламидиозды	xlamidʲɪozdɯ
хлор	xlor
хлор	xɫor
хлоропласт	xlərɐplast
хлороформ	xlərɐform
холестерин	xəlʲɪstɨrʲin
хорватия	xɐrvatʲɪjə
храм	xram
христиан	xrʲɪsʲtʲɪan
христиандар	χrʲistʲiɑndɑr
хроматин	xrəmɐtʲin
хромосома	xrəmɐsomə
хронология	xrənɐɫogʲɪɪ̯ə
ххх	xː
церера	tsɛrɛra
цунами	tsunani
чи	tʃi
ш	ʃ
шабдалы	ʃapdaɫa
шабдалы	ʃɐbdɑlə
шабуыл	ʃɑβʏɫ
шай	ʃaːj
шай	ʃæj
шай	ʃɑ̝j
шалбар	ʂɑubɑɾ
шалбары	ʃɑɫbɑrɯ
шалғам	ʃɑɫɣɑm
шам	ʃam
шам	ʃɑm
шамалы	ʃɑmɑˈɫɯ
шамасы	ʃɑmɑsɯ
шамдар	ʃɑmˈdɑr
шап	ʃɑp
шапалақтамас	ʃɑpɑɫɑqˈtɑmɑs
шапшаң	ʃɑpʃɑɲ
шара	ʃara
шарманка	ʃɐrmankə
шарт	ʃɑrt
шарттары	ʃɑrtˈtɑrɯ
шарты	ʃɑrˈtɯ
шартым	ʃɑrtɯm
шартымды	ʃɑrtɯmˈdɯ
шаруа	ʃarua
шаршады	ʃɑrʃɑˈdɯ
шаршадым	ʃɑrʃɑˈdɯm
шаршаған	ʃɑrʃɑˈɣɑn
шаршы	ʃɑrʃɯ
шатастырып	ʃɑtɑstɯɾɯp
шахтинск	ʂɑχtʲɪnsk
шахтинск	ʃaɾtʲinsk
шаштараз	ʃæʃtɯ̞rɑs
шаштараз	ʃɑʃtɑrɑz
шашу	ʂaʂu
шашы	ʃɑˈʃɯ
шашыңды	ʃɑˈʃɯŋdɯ
шағамды	ʃɑˈɣɑmdɯ
шағарсын	ʃɑˈɣɑrsən
шағымданам	ʃɑɣɯmdɑnɑm
шағыр	ʃɑɣɯr
шағыр	ʃɑˈɣɯɾ
шақ	ʃɑq
шақыр	ʃɑqɯr
шақырды	ʃɑqɯɾdɯ
шақырдым	ʃɑqɯɾdɯm
шақырдыңыз	ʃɑqɯɾdɯŋɯz
шақырсаң	ʃɑqɯrˈsɑŋ
шақырттым	ʃɑqɯrtˈtɯm
шақыру	ʃɑqɯrʊw
шақыруға	ʃɑqɯruʁɑ
шақырылмаған	ʃɑqɯɾɯɫmɑˈʁɑn
шақырым	ʃɑqɯˈrɯm
шақырып	ʃɑqɯˈrɯp
шақырыңдар	ʃɑqɯˈrɯŋdɑr
шақырған	ʃɑqɯrˈʁɑn
шақырғаны	ʃɑqɯrˈʁɑnɯ
шақырғаныма	ʃɑqɯrʁɑnɯmɑ
шаң	ʃam
шаң	ʃɑŋ
шаңхай	ʃaŋxaj
швеция	ʃvʲetsɨjə
ше	ʃe
шебер	ʃɛbʲɛr
шегін	ʃegin
шегір	ʃiːgɯɾ
шек	ʃɛk
шекарашы	ʃeqɑrɑʃɯ
шексіз	ʃɛkˈsɪz
шет	ʃet
шет	ʃˈɛt
шетел	ʃetɛɫ
шетке	ʃetˈkʲe
шеттегі	ʃetˈtegi
шеш	ʃeʃ
шеше	ɕæʃe
шеше	ʃeʃe
шешеді	ʃeʃeˈdi
шешес	ʃɪˈʃɪs
шешкің	ʃeʃkɪŋ
шешпейді	ʃeʃpejˈdi
шешті	ʃeʃti
шештім	ʃeʃtɪm
шешу	ʃeʃu
шешуге	ʃeʃuɣe
шешілген	ʃeʃɪlˈgen
шешім	ʃeʃim
шешімді	ʃeʃiːmdɪ
шешіміміз	ʃeʃiːmɪmɪz
шешімімізді	ʃeʃiːmɪmɪzˈdɪ
шешімің	ʃeʃɪˈmɪŋ
шие	ʃɘjje
шиеленітпе	ʃie̯le̯ni̯tpe
шиллинг	ʃɪlʲɪŋ
шимпанзе	ʃɨmpɐnzɛ
шина	ʃina
шифр	ʃɨfr
шкафы	ʃkɑfɯ
шнауз	ʃnaʊs
шоколад	ʃɔkəlad
шолақ	ʃɯ̞ɫɑq
шолпан	ʃɔɫpɑn
шомылатын	ʃomɯɫɑˈtɯn
шомылдығы	ʃomɯɫdɯɣɯ
шомылдықта	ʃomɯɫdɯqˈtɑ
шомылып	ʃomɯləp
шомылғым	ʃomɯɫɣɯm
шотландия	ʃotɫɑndiʝɑ
шотландияда	ʃotɫɑndʲɑdɑ
шотландияданмын	ʃotɫɑndijɑdɑmɯn
шотландияның	ʃotɫɑndijɑˈnɯ
шотландық	ʃotɫɑnˈdɯq
шотландықпын	ʃotɫɑndɯqpɯn
шотландықтармен	ʃotɫɑndɯqtaɾmen
шотына	ʃotɯˈnɑ
шоуға	ʃowɣa
шошып	ʃoʃɯp
шошқа	ʃoʃqɑ
шошқа	ʃuʃqa
шошқаларды	ʃoʃqɑɫɑɾdɯ
шошқаға	ʃoʃqɑɣɑ
шпалмен	ʃpɑlmɘn
штаты	ʃtɑtɯ
шу	ʂu˥˩
шу	ʃuː
шуламаңдар	ʃʊlɑmɑŋdɑr
шулап	ʃʊlɑp
шыда	ʃɯˈdɑ
шыдай	ʃɯdɑj
шыдап	ʃɯdɑp
шымкент	ʃɯmkʲɪnt
шын	ʃɯn
шынайы	ʃɯnɑjɯ
шындығында	ʃɯnˈdɯʁɯndɑ
шындықты	ʃɯnˈdɯqˈtɯ
шынымен	ʃɯnɯˈmʲen
шынында	ʃɯnɯnˈdɑ
шытырман	ʃtɯrman
шытырмақ	ʃɯtɯrmɑq
шыға	ʃɯˈɣɑ
шығады	ʃɯɣɑdɯ
шығамын	ʃɯɣɑmɯn
шығанақ	ʃɯɣɑnɑq
шығар	ʃɯˈɣɑr
шығарады	ʃɯɣɑɾɑdɯ
шығарды	ʃɯɣɑɾdɯ
шығардың	ʃɯɣɑɾˈdɯŋ
шығарма	ʃɯɣɑrmɑ
шығармай	ʃɯɣɑrmɑj
шығармайды	ʃɯɣɑrmɑjˈdɯ
шығармыз	ʃɯɣɑrmɯz
шығарсыз	ʃɯɣɑrsɯz
шығарсың	ʃɯɣɑrsɯŋ
шығару	ʃɣ̞aɾu
шығару	ʃɯɣɑˈɾʊ
шығаруды	ʃɯɣɑɾʊdɯ
шығаршы	ʃɯɣɑrʃɯ
шығарылғандар	ʃɯɣɑrylɣɑnˈdɑr
шығарып	ʃɯɣɑˈrɯp
шығарыпты	ʃɯɣɑrɯptɯ
шығарыңдар	ʃɯɣɑryŋdɑr
шығарғаным	ʃɯɣɑrɣɑnɯm
шығасың	ʃɯɣɑˈsɯŋ
шығатын	ʃɯɣɑˈtɯn
шығын	ʃɯɣɯn
шығындар	ʃɯɣɯndɑr
шығынды	ʃɯɣɯnˈdɯ
шығып	ʃɯˈɣɯp
шығыстану	ʃɯɣɯstɑnʊw
шығыстанушы	ʃɯɣɯstɑnʊwʃɯ
шығысты	ʃɯɣɯsˈtɯ
шығыңдар	ʃɯɣɯŋdɑr
шық	ʃɯq
шық	ʃɯ̞q
шықпады	ʃɯqpɑdɯ
шықпайды	ʃɯqpaɯdɯ
шықпаймын	ʃɯqpaɯmɯn
шықпаңдар	ʃɯqpɑŋdɑr
шықсам	ʃɯqsɑm
шықты	ʃɯqtɯ
шықтым	ʃɯqtɯm
шықтық	ʃɯqˈtɯq
шыққан	ʃɯqˈqɑn
шыққанша	ʃɯqˈqɑnʃɑ
шілде	ʃimdʲi
шүберек	ʃuˈbeɾek
шүбә	ʃʏbæ
шұбар	ʃubɑɾ
шұжық	ʃoʒo
шұжық	ʃʊˈʒɯq
шұлықтар	ʃuɫuqtɑr
шәй	ʃaː
шәй	ʃæj
шәкірт	ʃəkʰr
шөл	ʃøl
шөп	ʃˈœp
щучинск	ɕutʃɪnsk
щучинск	ɕuːtʃinsk
ызалымын	ɑzɑlɯmɯn
ылғал	ɯɫɣɑɫ
ылғалды	ɯɫɣɑɫdɯ
ылғи	ɯɫɣɯ
ым	ɯm
ырым	ɯrɯm
ыстық	ɯstɯq
ықпал	ɯqpɑɫ
ыңырсуда	ɯŋɯrsudɑ
ыңғайлы	ɯŋɣɑjɫɯ
ыңғайлы	ɯŋɣɑjˈlɯ
эвакуация	ɛvəkʊatsɨɪ̯ə
эволюция	ɪvɐlʲutsɨjə
экзистенциализм	ɛgzʲɪstɛntsɨɐlʲizm
эклектизм	ɛklʲɪktʲizm
эколог	ɛkolɯ̞k
экология	ɪkɐlogʲɪjə
экономикамыз	ɘkɑnɘmɘkɑˈmɯz
экономикасы	ɘkɑnɘmɘkɑsɯ
экономикасын	ɘkɔnɘmɘkɘsɯn
экосфера	ɛkɐsfʲerə
экотоксикология	ɛkətəksʲɪkɐɫogʲɪɪ̯ə
экскаватор	ɛkskɐvatər
экскаватор	ɛkskɑvɑtɯr
экскурсия	ɪkskursʲɪjə
экспансия	ɛkspansʲɪɪ̯ə
эксперимент	ɛkspɪrʲɪˈmʲɛnt
экспрессионизм	ɪksprʲɪsʲɪɐnʲizm
экстасенсорлы	ɛkstɑsɛnˈsɔrɫɯ
экстрасенс	ɛkstrɑsɛns
экстрасенстермен	ɛkstrɑsɛnsɛrtmen
экстрасенстің	ɛkstrɑsɛnˈsɯŋ
экстремум	ɛkstrʲemʊm
электрокардиография	ɛlʲektrəkərdʲɪɐgrafʲɪɪ̯ə
электролит	ɛlʲɪktrɐlʲit
электрон	ɪlʲɪktron
электроника	ɪlʲɪktronʲɪkə
электроскоп	ɛlʲɪktrɐskop
элемент	ɪlʲɪmʲent
элиостың	ɘliɔstɯŋ
элиосқа	ɘlʲɘsqɑ
эллипс	ɛlʲɪps
эллипсоид	ɛlʲɪpsoɪd
эмансипация	ɛmənsʲɪpatsɨɪ̯ə
эмбриология	ɛmbrʲɪɐlogʲɪɪ̯ə
эмигрант	ɛmʲɪgrant
эмиссия	ɛmʲisʲɪɪ̯ə
энтальпия	ɛntɐlʲpʲiɪ̯ə
энтропия	ɪntrɐpʲijə
энциклопедия	ɪntsɨklɐpʲedʲɪjə
эпиграф	ɪpʲigrəf
эрозия	ɛrozʲɪɪ̯ə
эстетизм	ɛstɛtʲizm
эстетика	ɪstɛtʲɪkə
эти	etɪ
этика	ɛtʲɪkə
этиология	ɪtʲɪɐlogʲɪjə
этноним	ɛtnonʲɪm
этюд	ɛtʲud
эфиопия	ɪfʲɪopʲɪjə
юбаба	jʊbɑbɑ
юбабаның	jʊbɑbɑˈnɯŋ
юбабаға	jʊbɑbɑɣɑ
яхта	jaxtə
яғни	jaɣnˈi
із	ɘs
із	ɘz
ізбасарлары	ɪ̞zbɑsɑrɫɑrʊ̞
ізде	ɘzˈdɘ
іздеген	ɪzdegen
іздегендей	ɘzdegendɘj
іздеп	ɘzˈdɘp
іздері	ɘzdæɾɘ
іздерін	ɘzdæɾɘn
іздеумен	ɪzdewmen
іздеңдер	ɪzdeŋdeɾ
ізі	ɯˈzɯ
ізіне	ɘzɘnɘ
ілінісіп	ilɪnisip
іліп	ɪlɪp
іргетасы	ɯɾgʲɪtɑsɯ
іргетасын	irgetɑsɯn
ірі	ɪˈri
іс	ɪs
іске	ɪske
істе	istɘ
істегендеріңді	istɪge̞ndɪrɪŋdɪ
істегені	istɪgɪni
істегенімді	istegeŋimdi
істегім	istɪˈɣɪm
істедіңіз	istɪˈdɪŋɪz
істей	iˈstej
істейді	istejdi
істейміз	iˈstejˈmɪz
істеймін	istʲejˈmin
істейсіз	iˈstejsɯz
істейсің	iˈstejsiŋ
істейсіңдер	istejsiŋdɘr
істейтін	istʲejˈtin
істейтініңді	istʲejˈtinɪŋdi
істемейді	istɪmɛjˈdɪ
істемеймін	istɪmɪjˈmɪn
істемейсің	istɪmejˈsiŋ
істемейтін	istɪmɛjˈtɪŋ
істемек	istɪˈmɛk
істемесе	istɪmɪsɪ
істемеші	istɪmeʃɪ
істеп	istɪp
істер	ɪsˈtɜr
істерде	ɯsteɾde
істесек	istɪsɛk
істесем	istɪsɛm
істесең	isteseŋ
істетеді	istetedi
істеу	istɘw
істеуде	ɪsteʊdɪ
істеуім	istɘwɘm
істеңдер	istɘŋdɘr
істеңдерші	istɘŋdɘɾʃi
істі	istɪ
ісі	ɪˈsɪ
ісігінен	ɯsiɣinɘn
ісік	ɯˈsɯq
ісім	ɪˈsɪm
ісімен	ɪsɪˈmɪn
ісін	ɪˈsɪn
ісінде	iɕɪndɘ
ісіне	ɪsɪne
ішеміз	ɪʃeˈmɪz
ішке	ɪʃkʲe
ішкі	ɘʃkɘ
ішкі	ɯʃki
іште	ɪʃtɛ
іштегі	ɪʃtegi
іштім	ɪʃtɪm
ішімдік	ɘʃɘmdɘk
ішімізде	iʃimɪzde
ішінде	ɪʃɪndɛ
ішінен	ɯʃɯˈnɪn
ішіп	ɪʃɪp
ішіңдегі	ɪʃɪŋdægɪ
ішіңізді	iʃɪŋɪzdi
ішіңіздің	iʃiŋizdiŋ
ға	ɣa
ғажайып	ʁæzæjɯ̞p
ғажайып	ʁɑʒɑjəp
ғажап	ɣɑˈʐɑp
ғаламат	ɣɑɫɑmɑt
ғаламшараралық	ɣɑɫɑmʃɑrɑrɑɫɯq
ғана	ɣɑnɑ
ғарыш	ɣɑrɯʂ
ғарышкер	ɣɑrɯʃkʲer
ғасыр	ɣɑsɯr
ғафу	ɣɑfu
ғашық	ɣaʃɯq
ғашық	ɣɑʃɯq
ғашық	χɑʃɯ̞q
ғашықтық	ɣɑʃɯqtɯq
ғибадатхана	ɣɯjbɑdɑtxɑnɑ
ғимарат	ɣɪmɑˈrɑt
ғой	ɣɔj
ғылым	ɣɯˈlɯm
қабат	qɑbat
қабатта	qɑbɑtˈtɑ
қабатты	qɑbɑtːɯ
қабылдайсың	qɑbɯɫdɑjsɯŋ
қабылданды	qabɯɫdɑnˈdɯ
қабылдап	qaβɯɫdɑp
қабылдауымыз	qɑbɯɫdɑwɯˈmɯz
қабылдауын	qɑbɯɫdɑwɯn
қабылдауға	qɑbɯɫdɑwɑ
қабыну	qɯ̞pnˈo
қабырға	qabɯrɣɑ
қабырғадан	qabɯrʁɑˈdɑn
қабырғаны	qabɯrʁaˈnɯ
қабық	qɑbɯ̞q
қабілет	qɑbɯleːt
қабір	qɑbɘɾ
қажет	qaˈʒet
қажы	qɒʃi
қажытпайды	qɑʒɯtpaɯdɯ
қаз	qɑz
қазандарды	qɑzɑndɑrdɯ
қазандықта	qazɑndɯqtɑ
қазандыққа	qɑzɑnˈdɯqqɑ
қазақ	kaza
қазақ	mɑzɑq
қазақ	qʰɑ̝zɑ̝qʰ
қазақ	χɑðaq
қазақ.	qɑzɑq
қазақстан	ʁɑzɑqstɑn
қазақша	qɑzɑqʂa
қазынаңыз	qazinaˈɯz
қазір	ˈqɑziːr
қазіргі	qɑzɘrgɘ
қазғанды	qaʐɣɑnˈdɯ
қай	qɑj
қайда	qaɯˈdɑ
қайда	qɑjda
қайдамыз	qɑjdɑmɯz
қайдан	qɑjdan
қайдан	qɑjˈdɑn
қайдасыз	qaɪdɑsɯz
қайдасын	kɑjtɑˈsɯn
қайдасың	qaɯdasɯŋ
қайдағы	qajɑˈdɑɣɯ
қайнар	qɛjnar
қайрат	χæjræt
қайрылы	qɑjrɯˈɫɯ
қайсарлығың	qaɪsɑɾɫəɣɯ
қайсы	qaɪsɐ
қайсы	ˈqɑjsɯ
қайт	qɑjt
қайта	qɑjta
қайтадан	qaɪtɑdɑn
қайтайық	qɑjtɑjɯq
қайтайықшы	qaɯtaɯjɯʃ
қайталау	qɐjˈtɐlɐw
қайталауды	qaɪtɑɫɑwˈdɯ
қайтам	ˈqɑjtɑm
қайтамыз	qaɯtɑˈmɯz
қайтара	qaɪtɑrɑ
қайтарамын	qaɪtɑɾɑmɯn
қайтаратын	qaɯtaɾɑtɯn
қайтарда	qaɪtɑɾdɑ
қайтардым	qaɪtɑɾdɯm
қайтармақ	qaɪtɑɾˈmɑq
қайтару	qɑjtarˈu
қайтару	ˈqɑjtɑɾʊ
қайтаруға	qaɪtɑɾuʁɑ
қайтарыңдар	qɑjɑtəɾɯŋdɑɾ
қайтарыңыз	qajatəɾəˈjɯz
қайтататын	qɑjtɑtɑjˈtɯn
қайтатын	qaɪtɑːtɯn
қайтер	qaɪtɘr
қайту	ˈqɑjtʉ
қайтуды	qaɪtʉdɯ
қайтуым	qaɪtʉm
қайтып	qɑjtɯp
қайтыңыз	qaɪtɯŋɯz
қайтіп	qɑjtʏp
қайтқым	qaɪtqɯm
қайырлы	qɑjɯɾˈɫɯ
қайырма	kajɾmɑ
қайық	qɑjɯq
қайғы	qaɪˈʁɯ
қайғырма	qaɪɣɯrmɑ
қал	qɑl
қала	kɔla
қала	qɑɫɑ
қалады	qɑlɑdɯ
қалай	qɑlɑj
қалайды	qɑlɑjˈdɯ
қалаймыз	qalaɯmɯz
қалайсыз	qɑlɑjsɯz
қалайсыз	ɑlɑjsɯz
қалайсыздар	qɑlɑjsɯzdɑr
қалайсың	kɑɫɑjsɯ̞ŋ
қалайсың	qɑlɑjsɯŋ
қалайсың	qɑɫɑjsɪŋ
қалайы	qɑɫɑjɯ̞
қалалық	qɑɫɑɫɯ̞q
қалам	qɑˈlɑm
қалам	ɦɑlɑm
қаламаймын	qɑlɑmɑjmɯn
қалампыр	qɑɫɑmpɯr
қаламсап	kɑɫɑnsɑp
қаламыз	qɑlɑˈmɯz
қаласыздар	qɑlɑsɯzˈdɑr
қаласың	qɑlɑsɯŋ
қалау	kɐlɐu
қалау	qɑˈɫɑw
қалауың	qalawɯŋ
қалаға	qɑlɑɣɑ
қалдары	qaɫdɑɾɯ
қалды	qaɫdɯ
қалдырамын	qaɫdɯɾɑˈmɯn
қалдырдым	qɑɫdɯɾdɯm
қалдырдың	qɑɫdɯɾɯŋ
қалдырмайды	ˈqɑɫdɯrmɑjˈdɯ
қалдырсам	qɑɫdɯrsɑm
қалдырып	qɑɫdɯɾɯp
қалдырған	gɑɫdɯɾˈʁɑn
қалма	qɑlˈmɑ
қалмайды	qɑlˈmɑjdɯ
қалмайын	qɑlˈmɑjɯn
қалмаш	qɑlˈmɑʃ
қалмақ	qʰɑ̝ɫmɑ̝qʰ
қалпын	qaɫpɯn
қалса	qɑlˈsɑ
қалсаңшы	qɑlˈsɑŋʃɯ
қалсын	qɑlˈsɯn
қалу	qaˈɫu
қалу	qɑlʊw
қалуың	qaloʊŋ
қалуға	qaɫuʁɑ
қалып	qaˈlɯp
қалыптарыңа	qaɫɯpˈtɑɾɯˈŋɑ
қалыпты	qaɫɯpˈtɯ
қалың	qaˈlɯŋ
қалың	qɑɫɯ̞ŋ
қалыңдық	qɑlɯmdɯq
қалған	qaɫˈɣɑn
қалғандары	qaɫɣɑnˈdɑrɯ
қалғаны	qaɫɣɑnɯ
қалғанын	qaɫɣaˈnɯn
қалғаның	qaɫɣaˈnɯŋ
қалғысы	qaɫɣɯsɯ
қам	qɑm
қамал	kamal
қамап	qaˈmɑp
қамау	qamɑl
қамсыз	qamsiz
қамту	qamtu
қамтып	qɑmˈtɯp
қамын	qɑˈmɯn
қамыс	qɑmɯs
қан	qɑm
қан	qɑn
қана	qɑnɑ
қана	χana
қандай	qɑndaj
қандай	qɑnˈdɑj
қанды	qɑnˈdɯ
қандыағаш	qɑndɑʁɑʂ
қане	qɑnɛ
қанмен	qɑnˈmen
қанша	qɑnʃɑ
қаншалықты	qɑnʃɑɫɯqtɯ
қаншауы	qɑnʃɑwɯ
қаны	qɑnɯ
қанға	qɑŋɑ
қанқұмар	qɑnqʊmɑr
қап	qap
қап	qɑp
қап-қара	qɑpqɑrɑ
қапшағай	qɑpsɑʁɑj
қар	qɑr
қара	qɑrɑ
қара	qɑɾɑ
қарай	qɑrɑj
қарайлап	qɑrɑjˈlɑp
қараймын	qɑrɑjˈmɯn
қарайсың	qɑrɑjsɯŋ
қарайтын	qɑrɑjtɯn
қарайын	qɑrɑjɯn
қарама	qɑrɑmɑ
қарап	qɑrɑp
қарапайым	qɑrɑpɑjɯm
қарармын	qɑrɑɾmɯn
қарас	qɑrɑs
қараусыз	qɑrɑlsɯz
қараша	qaraʃa
қарашы	qɑrɑʃɯ
қарағанды	qɑɾɑɣɑndɯ
қарағаннан	qɑrɑʁɑnɑn
қарағаны	qɑrɑˈʁɑnɯ
қарағаным	qɑrɑʁɑnɯm
қарақат	qɑɾɑqat
қарақшы	qɑrɑqʃɯ̞
қараңдар	qɑrɑŋdɑr
қараңыз	qɑrɑŋɯz
қараңғы	qɑrɑŋɣɯ
қараңғыдан	qɑrɑŋɣɯdɑn
қараңғылықтан	qɑrɑŋɣɯɫɯtɑn
қараңқының	qɑrɑŋqɯˈnɯŋ
қараңқыға	qɑrɑŋqɯɣɑ
қарбыз	kɑːrbəs
қарбыз	qɑrbɯz
қарда	qɑrˈdɑ
қаржы	qɑrˈʐɯ
қаржылайды	qɑrʒɯɫɑjˈdɯ
қаржысын	qɑrˈʐɯsɯn
қария	qariːa
қарлыған	qɑrɯ̞ɫʊ̞ʁɑn
қарлығаш	qɑrɫɯɣɑʃ
қарсы	qɑrsɯ
қарсы	χarˈsɯ
қарсымын	qɑrsɯˈmɯn
қару	kaːru
қарусыз	qɑɾusiz
қаруымды	qaɾujɯmˈdɯ
қарым	qɑˈrɯm
қарындас	qɑrɯ̞ndæs
қарындасым	qɑrɯndɑsɯm
қарындасыңды	qɑrɯndɑsɯŋdɯ
қарындасыңызды	qɑrɯndɑsɯŋɯzˈdɯ
қарғай	qɑrʁɑj
қарғалы	qɑrʁɑɫɯ̞
қарған	qɑrˈʁɑn
қас	qas
қасақана	qasɑqɑnɑ
қастерлеу	qɑstʲirɫɪ̞w
қасында	qɑsɯˈdɑ
қасық	qɑsɯz
қасыңда	qɑˈsɯŋdɑ
қатал	qataw
қатар	qaˈtɑr
қатардан	qaˈtɑɾdɑn
қатарды	qaˈtɑɾdɯ
қатарлы	qɑtɑɾˈɫɯ
қатарынан	qɑtɑrɯnɑn
қате	ˈqɑte
қателік	qɑtʃɪlɪ̞k
қатем	qaˈtem
қатесіз	qɑtʲesɪz
қатты	qɑtːɯ
қаттылығы	ˈqɑtːɯɫɯ
қатынас	ˈqɑtɯnɑs
қатынаста	qɑtənɑstɑ
қатынасты	ˈqɑtənɑstɯ
қатынасым	qɑtənɑsɯm
қатып	qɑtɯp
қатырады	ˈqɑtɯrɑdɯ
қатырмайды	qɑtɯrmɑjˈdɯ
қатысамыз	qɑtɯsɑmɯz
қатысушы	qɑtɯ̞sʊ̞ʃʊ̞
қатысшы	qɑtɯʃɯ
қатысы	qɑtɯsɯ
қатысымыз	qɑtɯsɯmɯz
қатық	qɑtɯ̞q
қаупі	qɑwˈpɪ
қауын	qɑwɯn
қауіп	qɑwɪp
қауіпсіздігіме	qɑwɯpsɯzdɯɣɯmɘ
қауіпті	qɑwɪptɪ
қаша	qɑˈʃɑ
қашан	qaʃɑn
қашан	χaʃan
қашаннан	qaʃɑnˈnɑn
қашпты	qaʃptɯ
қаштық	qaʃˈtɯq
қашу	qaʃu
қашып	qaʃɯp
қашқалақтаса	qaʃqɑlɑqˈtɑsɑ
қашқындарына	qaʃqɯndɑɾɯnɑ
қағаз	qaˈɣɑz
қағаз	qɑqəv
қағаз	qɑɣɑz
қағазы	qaˈɣɑzy
қағып	qaˈɣɯp
қақиып	qaqijp
қақпашадан	qaqpaʃaˈdɑn
қақпаға	qaqpaʁa
қаңбақ	qɑŋpɑq
қаңтар	qaŋtar
қаңғу	kɑŋgo
қимайсыз	qiˈmɑjsɯz
қимылда	qɯmɯɫdɑ
қимылдай	qimɯɫdaɯ
қимылдама	qimɯɫdama
қиналып	qɪnɑˈlɯp
қиратты	qiˈrɑtː
қию	qiˈju
қияли	qɪːˈlɪ
қиқулаған	qiqwɑˈɫɑɣɑn
қобыз	qobuz
қодас	odas
қожайынына	qɔʒɑjɯnɯnɑ
қозу	qozuz
қозы	qɔːzɯ
қозғадық	qozɣɑɯdɯq
қозғалма	qozɣɑlmɑ
қозғалу	qozɣɑˈɫu
қой	kˈoj
қой	qɔj
қойды	qojdɯ
қойдым	qojdɯm
қойдық	qojdɯq
қойдың	qojˈdɯŋ
қойма	kojmɑ
қоймас	qojmɑs
қоймасы	qojmɑsɯ
қойса	qojsɑ
қойсаңыз	qojsɑŋɯz
қойсын	qojsɯn
қойшы	qojʃɯ
қойыпты	qojɯptɯ
қойыңдар	qojɯŋdɑr
қойыңыз	qojɯŋɯz
қойыңыздар	qojɯŋɯzdɑr
қойған	qojˈɣɑn
қойғандай	qojɣɑndɑj
қойғанын	qojɣaˈnɯn
қойғаның	qojɣɑnɯŋ
қол	kʊl
қол	qɔl
қолда	ˈqɔɫdɑ
қолдаймыз	ˈqɔɫdajˈmɯz
қолдайтын	qɔɫdɑjˈtɯn
қолдана	qɔldɑnɑ
қолданам	qɔldɑnɑm
қолданбағанымыз	ˈqɑɫdɑnbɑɣɑˈnɯmɯz
қолданбақпын	ˈqɔɫdɑnβɑqpɯn
қолданбаңдар	ˈqɑɫdɑnβɑŋdɑr
қолдануға	ˈqɔɫd̪ɑnʊʁɑ
қолданып	ˈqɔɫdɑnɯp
қолдары	qɑɫdɑɾɯ
қолдарымен	qɔɫdɑɾɯmɛn
қолдарын	qɔldɑrɯn
қолдарыңды	ˈqɔɫdɯɾɯŋdɯ
қолдауға	qɔɫdɑwɑ
қолды	ˈqɔɫdɯ
қолмен	qɑlˈmen
қолтаңба	qoltaŋpa
қолтырауын	qoltɯrɑwɯn
қолтығы	qoltɯɣɯ
қолшатыр	χolʃɑɢatɯr
қолым	qɑˈlɯm
қолымнан	qɑlɯmˈnɑn
қолымыз	qɑˈlɯmɯz
қолын	qɑˈlɯn
қолынан	qɑlɯˈnɑn
қолында	qɑlɯnˈdɑ
қолыңмен	qɑɫəŋˈmɛn
қолыңыз	qɑˈlɯŋɯz
қолыңызбен	qɑɫoɯŋɯzˈbɪn
қолыңызжан	qɑɫoɯ̞ŋɯʒɑn
қолға	qɑɫɣɑ
қолқа	koːˈkɑ
қона	qɔnɑ
қонамыз	qɔnɑˈmɯz
қонағымыз	qɔnɑɣɯmɯz
қонағыңызбын	qɔnɑɣɯŋɯzbɯn
қонақ	qɔnq
қонақ	qɔnɑq
қонақтарға	qɔnɑqˈtɑrɑ
қонаққа	qɔnɑqˈqɑ
қоныпты	qɔnɯptɯ
қора	qɔra
қорап	χoɾɑp
қорапта	qɔrɑptɑ
қорек	qɒɾek
қоректенеміз	qorekˈtenemiz
қоректену	qɔrɛktɛnʉ
қоректеніп	qɔɾɛktæˈnɪp
қорлық	qoriliq
қорын	qɔˈrɯn
қорықпа	qɔɾɯqˈpɑ
қорықпайсың	qɔrɯqpɑjsɯŋ
қорыққандығыңыз	qɔrɯqqɑndɯɣɯŋɯz
қорғанысың	qorɣanɯsɯŋ
қорғасын	qʊ̞rʁɑsʊ̞n
қорғаушы	qorɣɑwʃɯ
қорғауың	qorɣawˈɯŋ
қорқасыз	qorqɑsɯz
қорқпашы	qɔɾqpɑʃɯ
қорқыныш	qorqəˈnɯʃ
қорқынышты	qɔɾqənɯʃtɯ
қорқып	qorqɯp
қос	qɔs
қоса	qoˈsɑ
қосады	qɔsɑdɯ
қосамын	qɔsɑmɯn
қоспа	qospɑ
қостанай	kɔstanaji
қостанай	qostanaj
қосылам	qosɯləm
қосыларсың	qoˈsɯɫaɾsɯŋ
қосыласыз	qɔsɯlɑsɯz
қосылып	qosɯɫɯp
қосып	qɔsɯp
қотақ	χʊ̞dɑq
қотақ	χʊ̞tɑq
қотақбас	qɯ̞tɑqpɑs
қош	qoʃ
қошемет	qoʃemet
қоштасарда	qoʃtɑsɑrdɑ
қоштасу	koʃtɑsuɫ
қоштасуға	qoʃtɑsuʁɑ
қошқар	qʊ̞ʂqɑr
қою	qɔju
қоюландырғыш	qojʊwɫɑndɯrɣɯʃ
қояды	qojɑdɯ
қояйын	qojajɯn
қоям	qoˈjæm
қояншық	qojaɲʃɯq
қоғамдастық	qoɣɑmdɑstɯq
қоғамдық	qoɣɑmˈdɯq
қоғамның	qɔɣɑmnɯŋ
қоңыз	qoŋʊz
қоңыр	kʊ̞ŋɑr
қоңырқай	qonɯ̞rqæj
қуану	kwano
қуаныш	qwɑnɯz
қуаныштымын	qʰwɑːnɯʃtɯmɯn
қуаныштысыңдар	qʰʊɑnɯʃtɯsɯŋdɑr
қуат	qʊɑt
қуаттап	qʊɑtːɑp
қуатты	kwɑtːɯ
қума	qʊmɑ
қусырып	qʊsɯˈrɯp
қуып	quɯp
қуырдақ	qujɯɾˈdɑq
қуырылған	qʊwɾɯɫɣɑn
қуырып	qʊwɾɯp
қыз	qɯz
қызанақ	qzɑnɑq
қыздарды	qɯzdɑɾdɯ
қыздардың	qɯzdɑrɯŋ
қызды	qɯzdɯ
қызмет	qɯzmɘt
қызметі	qɯzmɘti
қызметін	qɯzmɘˈtin
қызу	qɯzʊ
қызумен	qɯzuˈmen
қызыл	qʊ̞zɑl
қызығатын	qɯzɯɣɑtɯn
қызық	qɯzɯq
қызықтысы	qɯzɯqɯtɯsɯ
қызықтысыз	qɯzɯqɯtɯsɯz
қызғанады	qɯzɣɑnɑdɯ
қызғылт	qəsrɯlt
қыл	qɯɫ
қылды	gɯɫdɯ
қылмыс	qɯɫmɯs
қылмыс	qɯɫˈmɯs
қылмыскер	qɯɫmɯskʲer
қылмыскерлерге	qɯɫmɯskɘɫɘɾge
қылмыстылық	qɯɫmɯstɯlɯq
қылмыстық	qɯɫmɯstɯq
қылмысын	qɯɫmɯsɯn
қылмысқа	qɯɫmɯsqɑ
қылтима	kɔːsʲim˨˩a˥
қылу	qɯɫʊ
қылып	qɯɫɯp
қылық	qɑɫɑq
қылғанып	qɯɫʁɑnɯp
қымбат	qɯmbɑt
қымбат	qɯmˈbɑt
қымбатты	qɯmβɑtːɯ
қымбыт	qɯmˈbɯt
қынап	qimˈap
қынжылататыны	qɯnʒɯɫɑtɑtɯnɯ
қынжылып	qɯnʒɯɫɯp
қыпшақ	qɯpʃɑq
қырагерсің	qɯrɑɣɘɾsɘŋ
қыран	qɯ̞rɑn
қыркүйек	qɯrkʏjjøk
қырларың	qɯrɯɫɯɾɯŋ
қырмызы	qɯ̞rmɑzɑ
қырылмайды	qɯɾɯɫmɑjˈdɯ
қырып	qɯˈrɯp
қырық	qɯˈrɯq
қырыққабат	qɯrɯqːɑbɑt
қырғауыл	qɯrɣɑwɯɫ
қырғызстан	qəɾʁəzstɑn
қырғызстан	qɯrʁɯzstɑn
қысымы	qɯsɯmɯ
қысып	qɯˈsɯp
қытай	qɯ̞tɑj
қытай	qʰə̠tɑj
қыша	qɪ̞ʃæ
қыша	qɯˈʃɑ
қышқыл	qɯʃqɯɫ
қүтты	qutːu
қүттықтаймыз	quttuqtɑjmiz
құбыжық	quβɯʒɯq
құбыжықтар	quβɯʒɯqtɑr
құбылай	qubɯˈlɑj
құбылтек	qubɯltɛk
құдай	qoðæj
құдай	quˈdɑj
құдай	qʊdaj
құдайдан	qudɑjˈdɑn
құдайдың	qʊdɑjˈdɯŋ
құдайсыз	qʊdɑjsɯz
құдайсыздық	qʊdɑjsɯzdɯq
құдайтанушы	qʊdajtanʊwʃɯ
құдайым	qudajɯm
құдайға	qudajɑ
құдайға	qɯ̞ðɑjʁɑ
құжаттама	qʊʒɑtːɑmɑ
құзғын	qʊzɣʊn
құйрық	qʊjrəq
құйып	qujɯp
құлама	quɫɑmɑ
құлап	quɫɑp
құлаппын	qulɑpɯn
құлатып	qʊlɑtɯp
құлақ	qolaq
құлақ	quɫɑq
құлдырайды	ˈqʊɫdɯɾajˈdɯ
құлмен	ˈqʊɫmen
құлпынай	qoːlpɯnaj
құлсары	qulsaɾa
құмайт	qʊmɑjt
құмар	qɯ̞mɑr
құмаршылығымыз	qumɑrʃɯɫɯˈmɯz
құмаршылық	qumɑrʃɯˈɫɯq
құмыра	qomra
құп	qup
құр	qʊr
құрал	qurɑɫ
құралдар	quɾɑɫdɑr
құралдарды	quːrɑɫdɑɹdɯ
құралдарында	quːrɑldɯrɯndɑ
құралғанбыз	qurɑlʁɑnbˈɯz
құрам	qʊrɑm
құрам	qʊ̞ɾɑm
құрама	qʊrɑmɑ
құрамы	kʏrɑmɑ
құрбаны	quɾbɑnɯ
құрбыларыңды	qʊrbɯlaɾɯŋdɯ
құрма	qurumɑ
құрмаса	qurmɑsɑ
құрмағанда	qʊrmɑɣɑnˈdɑ
құрмет	qʊrmɘt
құрметті	qʊrmɘtːi
құрметтілер	qʊrmɘtːɘlɘr
құрт	qʊrt
құрттарды	qʊrt̪t̪ɑrdɯ
құрту	kurtˈu
құртыңдар	qʊrtɯŋdɑr
құры	quˈrɯ
құрылым	qʊrʊɫɯm
құрылыс	qʊrʊlɯs
құрылыстар	quɾəlɯsˈtɑr
құрып	quˈrɯp
құрыпталды	qʊrɯptɑɫdɯ
құс	qus
құстар	qʊsˈtɑr
құтты	qatːɑ
құтылуым	qʊtɯɫʊm
құтылғаныма	qʊtɯɬɑnɯmɑ
құтылғанына	qʊtɯɬɑnɯnɑ
құтқарам	qʊtqɑrɑm
құтқарамын	qʊtqɑrɑˈmɯn
құтқаратын	qʊtqɑrɑtɯn
құтқаруды	qʊtqɑruˈdɯ
құтқаруыңа	qʊtqɑrujə
құтқаруыңыз	qʊtqɑrujɯŋɯz
құтқарған	qʊtqɑrˈʁɑn
құштарлық	qʊ̞ʂtɑrɫɯ̞q
құқымыз	qʊqɯmɯz
құқығым	qʊqɯˈɣɯm
құқығын	qʊqɯˈʁɯŋ
құқығыңды	qoqəɣəŋˈdɯ
құқық	qʊqʊq
құқықсыз	qʊqʊqsɯz
құқықтану	qʊqʊqtɑnʊw
ү	ʏ
үзуге	ʉzʉɣe
үзіліс	ʉzɪlɪs
үйге	ujge
үйде	ujde
үйден	ujdæn
үйді	ujdi
үйленген	ujlɪŋɪn
үйренген	ujrɪŋɪn
үйренгім	ujrɪŋɪm
үйреніп	ujrɪnɪp
үйрететін	ujretetɪn
үйшігі	ujʃiɣi
үйшік	ujʃɪk
үйшікке	ujʃɪkˈkɛ
үйшіктер	ujʃɪktɘr
үйі	ujɪ
үйім	ujim
үйінде	ujɪndɘ
үйіне	ujine
үйінен	ujinɪn
үйірмесінде	ujɪrmɪsɪndɘ
үйірмесіненбіз	ujɪrmesinɪnbɪz
үйің	ujɪŋ
үйіңе	ujinʲe
үкі	ʏkʏ
үкімет	ʉ̞kmet
үкіметтік	ʉkɪmetˈtɪk
үлгересің	ʉlɣeɾeˈsiŋ
үлгі	ʉɫˈɣi
үлгісі	ʏlɣɪsɪ
үлкен	ø̞ɫke̞n
үлкен	ʏlkøn
үмттенеміз	ʏmt̪t̪enemiˈs
үміт	ʏmʏt
үмітсіздік	ʏmʏtsɘzdɘk
үміттеніп	ymɪttenip
үн	œn
үндістандағы	ʏndɪstɑnɑɣɯ
үнем	unˈɛm
үнемдейді	ynemdejdi
үнемі	ynæmi
үргенін	ʏrgɪˈnɪn
үст	ʏst
үстінде	ʉstɪnde
үстіне	ystiˈne
үш	ɯʃ
үш	ɯ̞ʃ
үшеуді	ʉʃewdɪ
үшін	ʉʃin
ұ	ʊ
ұжым	ʊʒʊm
ұзамай	uzɫɑmɑj
ұзарту	ʊzɑrtʊ
ұзынағаш	ʊ̞zʊ̞näʁɑʂ
ұзындық	ʊzʊndɯq
ұйымдастырыңыз	ujɯmˈdɑstɯˈrɯŋɯz
ұйықтай	ujɯqtɑj
ұйықтамай	ujyqtaˈmaj
ұйықтамайды	ujyqtaˈmɑjdi
ұйықтап	ujʏqˈtɑp
ұйықтатын	ujʊqtaˈtɯn
ұйықтау	ʊjʊqtɑw
ұйықтау	β̞joktau̯
ұйықтағам	ujʏqtaɣɑm
ұйықтаған	ujɯqtaˈʁɑn
ұйықыда	ujɯqɯdɑ
ұйғарып	ujɑrɯp
ұйғыр	ojʁor
ұйқтадыңыз	ʊjqtɑˈdɯŋɯz
ұйқы	ujqɯ
ұйқысы	ujqɯsɯ
ұл	ɔl
ұл	ʊɫ
ұлттар	ultːar
ұлттық	ʊɫttʊq
ұлттың	uɫtɯŋ
ұлтшылдық	ʊɫtʃʊɫdɯq
ұлты	oɫtɑ
ұлтымыз	ʊɫtɯmɯz
ұлы	ʊɫɯ
ұмыта	ʊmɯtɑ
ұмытпай	ʊmɯtˈpɑj
ұмытты	ʊmɯtːɯ
ұмыттыру	ʊmɯtːɯɾʊ
ұмыттың	ʊmɯtˈtɯŋ
ұмытылмайды	ʊmɯtɯɫmɑjˈdɯ
ұмытып	ʊmɯtɯp
ұн	ɔn
ұнады	ʊnɑdɯ
ұнай	ʊˈnɑj
ұнайды	ʊnɑjˈdɯ
ұнамай	ʊnɑˈmɑj
ұнамайды	ʊnɑmɑjdɯ
ұнамаймын	ʊnɑmɑjˈmɯn
ұнар	ʊˈnɑr
ұнатамын	ʊnɑtɑˈmɯn
ұнтағын	ʊntɑχɯn
ұпай	opaj
ұрдым	urdɯm
ұрланып	ʊrɫɑnɯp
ұрлап	ʊrɫɑp
ұрлауы	ɯɾɫɑwɯ
ұрлаған	ʊrɫɑˈɣɑn
ұрпақ	ʊrpɑq
ұрсуды	ʊrsʊdɯ
ұрсып	ʊrsɯp
ұру	orok
ұрушы	ʊɾuʃɯ
ұры	orɑ
ұры	ʊˈɾɯ
ұрысады	ʊɾəsɑdɯ
ұсақ	ʊˈsɑq
ұста	ʊˈstɑ
ұстады	ʊstɑdɯ
ұстай	ʊstaɪ
ұсталды	ʊstɑɫdɯ
ұстамасаң	ʊstɑmɑsɑŋ
ұстата	ʊstɑtɑ
ұстау	ʊstɑw
ұстауда	ʊstaˈwa
ұстаған	ʊstɑˈʁɑn
ұстағысы	ʊstaɣɯsɯ
ұстаңдар	ʊstɑŋdɑr
ұстаңызшы	ʊstɑŋɯʃ
ұсынды	ʊsɯnˈdɯ
ұсынып	ʊsɯˈnɯp
ұсынысты	ʊsɯnɯsˈtɯ
ұсынысы	ʊsɯnɯsɯ
ұсынысын	ʊsɯnɯˈsɯn
ұш	ʊ̞ʂ
ұшағын	ʊʃɑqɯn
ұшақ	ʊʃɑq
ұшу	uʃu
ұшып	ʊʃɯp
ұшқыр	ʊ̞sqʊ̞r
ұя	ʊjɑ
ұялмай	ʊjɑɫmɑj
ұят	ʊjɑt
ұят	ʊˈjɑt
ұятсыз	ujatsɯs
ұятсыздық	ʊjɑtsɯzdɯq
ұятың	ʊjɑˈtɯŋ
ұғым	ʊɣʊm
ұғып	ʊɣɯp
ұқсайды	ʊqsɑjˈdɯ
ұқсаймын	ʊqsɑjmɯn
ұқсайтын	ʊqsɑjtɯn
ұқсамайды	ʊqsɑmajˈdɯ
ұқсас	oqsas
ұқсас	ʊqsɑs
ұқтың	ʊqˈtɯŋ
һәм	χæm
әбден	æbˈdɛn
әбігерленіп	æβiɣæɾlæniːp
әбілов	æbiliːf
әдайым	ædɑjɯm
әдебиет	ædʲebʲiʲet
әдебиеттанушы	ædebɘjːetːɑnʊwʃɯ
әдейі	ædɪji
әдемі	ædemi
әдемі	ædemɘ
әдемісің	ædæmiˈsiŋ
әдепсіздік	ædepsɪzˈdɪk
әдетте	ædɛt̪t̪e
әдеттегі	ædɛttɛɣi
әділдік	æˈdɪɫdɪk
әділдік	ʔɐdɪldɪ̞k
әділдікке	ædɪldɪkke
әділетсіздік	ædɘletsɘzdɘk
әже	ɑˈʒe
әжей	æˈʒej
әжептеуір	æʒɪptɘwɪr
әжетхана	æʒetxɑnɑ
әзілдеп	æziɫdep
әзір	æziːr
әзірше	æziɾʃe
әй	æj
әйел	æjɪl
әйел	ʔɑjɛl
әйелді	æjɪldɪ
әйелдің	æjɪlˈdɪŋ
әйелмен	æjælˈmen
әйелі	æjɪˈlɪ
әйелім	æjɪˈlɪm
әйеліне	æjɪlɪnæ
әйнек	æjˈnɛk
әйтеуір	æjtɘwɘr
әйтпесе	æjtpʲesɪ
әк	ak
әке	ækʲe
әкей	ækʲej
әкейге	ækʲejge
әкейдің	ækʲejˈdiŋ
әкеймен	ækʲejmen
әкел	ækæl
әкелген	ækæɫgen
әкелгені	ækælgæni
әкелді	ækældɪ
әкелдім	ækældɪm
әкелдіңдер	ækældɪŋdɪr
әкеле	ækælæ
әкеледі	ækɪlædi
әкелемін	ækælæmiːn
әкеліңдер	ækæˈlʲɪŋdɪr
әкем	ækæm
әкеммен	ækæmmen
әкеп	ækɪp
әкесі	ækɪsɪ
әкесімен	ækesiˈmen
әкең	ækeŋ
әкеңмен	ækæŋˈmen
әкеңнің	ækæŋˈnʉ
әктастар	æktɑstɑr
әкімшілігі	ækɪmʃɪlɪʁɪ
әкімшілікпен	ækɪmʃɪlɪkˈpɛn
әлгі	ælgi
әлде	ældɘ
әлдеқандай	ældʑɑnˈdɑj
әлемдік	ælæmdɪk
әлемі	ælemi
әлеміне	ælemine
әлсіз	ælˈsiʃ
әлсіретеді	ælsiretedi
әлхамдулилла	ælxamdʊwlʲɪlɑː
әлхамдулиллаһ	ælxamdʊwlʲɪlɑːh
әлхамдуллиллә	ælxamdʊwlʲɪlæ
әлі	æli
әліде	ælide
әліппе	ælæppe
әмбебап	æmbʲebap
әмиәні	æmʏæˈni
әміршісі	æmɪrʃɪsɪ
ән	aɪn
ән	æ̃
әне	æne
әпкем	æpˈkæm
әпкемнің	æpkʲemˈnʲi
әпкесіне	æpkesine
әпкесінен	æpkɘsiˈnɘn
әпше	apʃe
әр	ær
әр	æɾ
әрбіреуі	æɾbɪrɪwɪ
әрекет	æɾekjet
әрекетін	æɾeketʰin
әрең	æɾeŋ
әрине	arini
әрине	ærine
әрі	æri
әріптестерімізбен	æriptesterimizβen
әріптесі	æriptɘsi
әрқашан	ɑrqɑʃɑn
әсем	asˈem
әсер	æsɘr
әсері	æsɪɾi
әсерін	æsæɾin
әскер	æskɪr
әскерлер	æskɪrˈlɪr
әскерлердің	æskɪrleɾɪŋ
әскерлерім	æskɪrleɾɪm
әскерлерімді	æskɪrleɾɪmˈdi
әскерлік	æsqeɾlɯk
әскері	æskæri
әскерім	æskɪˈrɪm
әскерінен	æskɪrɪnɪn
әсіресе	æsiɾese
әуе	æwjɪ
әулет	æʊˈlɛt
әулетін	æʊlɪtɪn
әулие	æwˈlie
әшейін	æʃejin
әшекей	æʃekij
әңгіме	æŋgɘmʲe
әңгіме	æŋgɪmɛ
әңгімелерді	æŋgɪmɛlɪɾdɪ
әңгіменің	æŋgimeˈniŋ
өгіз	oguz
өз	øs
өзара	øzɑrɑ
өзбекстан	øzbeqɪstɑn
өзбекстан	œzbʲekstɑn
өзбекстандық	wøzbekstɑndəq
өзгелердің	øzgelæriŋ
өзгермегенге	øzɣɘrmɘɣɘŋɣɘ
өзгерте	øzɣertɛ
өзгертесің	øzɣertɪˈsiŋ
өзгертсем	øzgɘrtˈsɘm
өзгерттің	øzgɘrtːiŋ
өзгеріс	øsɣeˈɾɪs
өзгеше	øsgeʃe
өздері	øzdɪri
өздерін	øsdæˈrɪn
өздерінің	øsdæriˈnʏ
өздеріңнің	øsdæriŋˈnɪ
өзен	øˈzɪn
өзенге	øˈzʲeŋe
өзеннің	øzenˈnɪŋ
өзсенімін	øssɪnimɪn
өзі	øˈzi
өзім	øˈzɪm
өзімде	øziːmdɘ
өзімді	øzɪmˈdɪ
өзімен	øziˈmen
өзімнің	øzʏmˈnʏŋ
өзіміз	øziˈmɪz
өзімізбен	øziˈmɘzβɘn
өзімізді	øziˈmɪzdi
өзіміздің	øziˈmɪzdiŋ
өзін	øˈzʏn
өзіне	øziˈnæ
өзінен	øzɪnɪn
өзінің	øzʏˈnʏŋ
өзің	øziŋ
өзіңді	øziŋdɪ
өзіңмен	øziŋmen
өзіңнен	øziŋnæn
өзіңіз	øziŋiz
өзіңізбен	øzʏŋɨzˈbɪn
өзіңізге	øziŋizge
өзіңізді	ozɯnizde
өйткені	ʏ̯œjtkenɘ
өкпенің	økpɪˈnʲɪŋ
өкпеқұртын	økpɘqʊrtɯn
өкілі	økiˈli
өкінішті	økɪnɪʃtɪ
өкінішті	œqiniʃti
өлген	ɘlˈgʲɘn
өлді	ɘɫˈdɘ
өледі	øledi
өлетін	øletin
өлетінімді	øletimdɪ
өлең	ølɛm
өлең	øˈleŋ
өлмеймін	olmejmin
өлмейсің	ɘlmejˈsiŋ
өлтір	ɘltɘr
өлтірген	ɘltɪrgɘn
өлтіргілері	ɘltɘrɣɘlɘri
өлтіргілерің	ɘltɘrɣɘlɘrʲiŋ
өлтіргісі	ɘltɘrɣɘsɘ
өлтірді	ɘltɘrdɘ
өлтіре	ɘltɘrɘ
өлтірмекпісің	ɘltɘrmɘkpɘsiŋ
өлтірмексіңбе	ɘltɘrmɘkʃɘŋbɘ
өлтірмекші	ɘltɘrmɘkʃɘ
өлтірулер	ɘltɘrʉlɘr
өлуден	ɵlʊˈd̪en
өлі	wøly
өлі	øli
өлі	ɫɪ̞
өлік	ulik
өлім	wølʏm
өлімге	ɵlɪmge
өлімнен	ɵˈlimnʲen
өлімін	ɵliˈmɪn
өлімің	øliˈmiŋ
өмір	ømɪr
өмірге	ømɪrɣe
өмірзақ	ʏ̞mʏ̞rzæq
өмірім	ømiriːm
өмірімдегі	ømiriːmdegi
өмірімді	ømɪrimˈdi
өмірімнің	ømiriːmˈnɪŋ
өміріміздің	ømiɾimɪzˈdiŋ
өмірін	ømɪˈrɪn
өміріңнің	ømiˈrɪŋnɪŋ
өміріңіз	ømiˈrɪŋɪz
өндірілетін	øndiriletin
өрескел	øɾeskɪl
өрмекші	ørmæqʃɛ
өрт	uɾt
өрт	ɵrt
өсек	usʲik
өсекті	øˈsɛkti
өсиет	wøsɘjjet
өсиетші	yøsyjːetʃɪ
өсиеті	øsijeti
өсімдік	wøsʏmdɘk
өте	øte
өтеді	øtedi
өтетін	øteˈtin
өткен	øtkʲen
өткенде	øtkʲenˈde
өткендегі	øtkʲeŋdegi
өткізгім	øtkɪzɣɪm
өткіздім	øtkɪzdɪm
өткізер	øtkʏzær
өткізіп	øtkɪˈzɪp
өтпейінше	øtpejɪ̃ʃe
өтті	øtti
өтінеді	øtinedi
өтінем	øˈtinæm
өтінемін	øtinemiːn
өтініш	wøtʏnɘʃ
өтініш	øtiniʃ
өтінішім	øtiˈnɪʃɪm
өтірік	øˈtɪrɪk
өтіріктер	øˈtɪrɪkˈtɪr
өтірікші	øtɪɾɪkʃɪ
өш	ʊ̞ʃ
өшетін	øʃetɪn
өшіремін	øʃɪˈrɪmɪn
өңдегенін	øŋdegeniː
өңдемедім	øŋdemedim
өңкей	oŋkeii
өңсіз	øŋˈsɯz
